school,schoolId,handle,sponsoredPosts,highConfidenceFlags,mediumConfidenceFlags
"Arizona","arizona","arizona.threads",35,"nil_collective_or_store","school_affiliated_non_brand_possible|likely_personal_account"
"Arizona","arizona","postgame.official",4,"known_non_brand",""
"Arizona","arizona","arizonamgolf",3,"team_or_school_page",""
"Arizona","arizona","arizonatrack",3,"team_or_school_page",""
"Arizona","arizona","arizonabeachvolleyball",2,"team_or_school_page",""
"Arizona","arizona","arizonasoccer",2,"team_or_school_page",""
"Arizona","arizona","arizonatriathlon",2,"team_or_school_page",""
"Arizona","arizona","arizonawildcats",2,"","school_affiliated_non_brand_possible"
"Arizona","arizona","athletesthread",2,"nil_collective_or_store",""
"Arizona","arizona","gat_sport",2,"","likely_personal_account"
"Arizona","arizona","adidasbasketball",1,"team_or_school_page",""
"Arizona","arizona","arizonagymcats",1,"team_or_school_page",""
"Arizona","arizona","arizonambb",1,"team_or_school_page",""
"Arizona","arizona","arizonavolleyball",1,"team_or_school_page",""
"Arizona","arizona","arizonawgolf",1,"team_or_school_page",""
"Arizona","arizona","dmnd.mgmt",1,"","likely_personal_account"
"Arizona","arizona","drink_phx",1,"","likely_personal_account"
"Arizona","arizona","ignis_clothing",1,"","likely_personal_account"
"Arizona","arizona","jlin.brand",1,"","likely_personal_account"
"Arizona","arizona","myplayerathlete",1,"nil_collective_or_store",""
"Arizona","arizona","nextoffermedia",1,"","recruiting_or_media_page"
"Arizona","arizona","nicks.us",1,"","likely_personal_account"
"Arizona","arizona","optic_ink",1,"","likely_personal_account"
"Arizona","arizona","team_mzansi",1,"","likely_personal_account"
"Arizona","arizona","texasstatethreads",1,"nil_collective_or_store",""
"Arizona","arizona","that.triathlonlife",1,"","likely_personal_account"
"Arizona","arizona","uarizona",1,"","school_affiliated_non_brand_possible"
"Arizona","arizona","varlo.apparel",1,"","likely_personal_account"
"Boise State","boise-state","boisestatethreads",13,"nil_collective_or_store","school_affiliated_non_brand_possible"
"Boise State","boise-state","lithiafordboise",7,"","school_affiliated_non_brand_possible"
"Boise State","boise-state","broncosports",6,"","school_affiliated_non_brand_possible"
"Boise State","boise-state","myplayersports",6,"nil_collective_or_store",""
"Boise State","boise-state","no.rivals.brand",5,"recruiting_or_media_page",""
"Boise State","boise-state","myplayerathlete",4,"nil_collective_or_store",""
"Boise State","boise-state","plunj_boise",4,"","school_affiliated_non_brand_possible|likely_personal_account"
"Boise State","boise-state","postgame.official",4,"known_non_brand",""
"Boise State","boise-state","boisesportstalk",3,"","school_affiliated_non_brand_possible"
"Boise State","boise-state","boisestatebroncos",3,"","school_affiliated_non_brand_possible"
"Boise State","boise-state","hotworxboise",3,"","school_affiliated_non_brand_possible"
"Boise State","boise-state","stretchlabboise",3,"","school_affiliated_non_brand_possible"
"Boise State","boise-state","wellah.nutrition",3,"","likely_personal_account"
"Boise State","boise-state","blazepod",2,"","recruiting_or_media_page"
"Boise State","boise-state","g4_collective",2,"nil_collective_or_store",""
"Boise State","boise-state","gat_sport",2,"","likely_personal_account"
"Boise State","boise-state","influxer",2,"nil_collective_or_store",""
"Boise State","boise-state","influxerboisestate",2,"nil_collective_or_store","school_affiliated_non_brand_possible"
"Boise State","boise-state","lookout.cu",2,"","likely_personal_account"
"Boise State","boise-state","twentyfou_urbanwear",2,"","likely_personal_account"
"Boise State","boise-state","verlo.boise",2,"","school_affiliated_non_brand_possible|likely_personal_account"
"Boise State","boise-state","yogasix_idaho",2,"","likely_personal_account"
"Boise State","boise-state","baconboise",1,"","school_affiliated_non_brand_possible"
"Boise State","boise-state","braven.bar",1,"","likely_personal_account"
"Boise State","boise-state","dactive_nsg",1,"","likely_personal_account"
"Boise State","boise-state","deckiez_pouches",1,"","likely_personal_account"
"Boise State","boise-state","drink_uphill",1,"","likely_personal_account"
"Boise State","boise-state","facefoundrieboise",1,"","school_affiliated_non_brand_possible"
"Boise State","boise-state","hallee_heath",1,"","likely_personal_account"
"Boise State","boise-state","hiveandcoboise",1,"","school_affiliated_non_brand_possible"
"Boise State","boise-state","kage_casey",1,"","likely_personal_account"
"Boise State","boise-state","lithiaboise",1,"","school_affiliated_non_brand_possible"
"Boise State","boise-state","petersonbmwboise",1,"","school_affiliated_non_brand_possible"
"Boise State","boise-state","plunjboise",1,"","school_affiliated_non_brand_possible"
"Boise State","boise-state","serve_clothing",1,"","likely_personal_account"
"Boise State","boise-state","skylar.stroh",1,"","likely_personal_account"
"Boise State","boise-state","thejamesboise",1,"","school_affiliated_non_brand_possible"
"Boise State","boise-state","tiy_products",1,"","likely_personal_account"
"Boise State","boise-state","verveboise",1,"","school_affiliated_non_brand_possible"
"Boise State","boise-state","villasportfitness_idaho",1,"","likely_personal_account"
"Boise State","boise-state","westernstates.cat",1,"","likely_personal_account"
"LSU","lsu","lsuthreads",14,"nil_collective_or_store","school_affiliated_non_brand_possible"
"LSU","lsu","athletesthread",4,"nil_collective_or_store",""
"LSU","lsu","myplayerathlete",4,"nil_collective_or_store",""
"LSU","lsu","nilelite.ladies",4,"nil_collective_or_store","likely_personal_account"
"LSU","lsu","geauxchiro",3,"","school_affiliated_non_brand_possible"
"LSU","lsu","myplayersports",3,"nil_collective_or_store",""
"LSU","lsu","postgame.official",3,"known_non_brand",""
"LSU","lsu","influxer",2,"nil_collective_or_store",""
"LSU","lsu","influxerlsu",2,"nil_collective_or_store","school_affiliated_non_brand_possible"
"LSU","lsu","lsu.nil.store",2,"nil_collective_or_store","school_affiliated_non_brand_possible"
"LSU","lsu","lsufootball",2,"team_or_school_page",""
"LSU","lsu","puma.usa",2,"","likely_personal_account"
"LSU","lsu","alixmarie.franklin",1,"","likely_personal_account"
"LSU","lsu","baller.bites",1,"","likely_personal_account"
"LSU","lsu","bayouwildtv",1,"","school_affiliated_non_brand_possible"
"LSU","lsu","ciella_pickett",1,"","likely_personal_account"
"LSU","lsu","darkhorse.nyc",1,"","likely_personal_account"
"LSU","lsu","dillardscampuscollective",1,"nil_collective_or_store",""
"LSU","lsu","geeked.studio",1,"","likely_personal_account"
"LSU","lsu","his_huddle",1,"","likely_personal_account"
"LSU","lsu","holy.athletes",1,"","likely_personal_account"
"LSU","lsu","jolyn_europe",1,"","likely_personal_account"
"LSU","lsu","lah.stamps",1,"","likely_personal_account"
"LSU","lsu","lsubeachvb",1,"team_or_school_page",""
"LSU","lsu","lsusoccer",1,"team_or_school_page",""
"LSU","lsu","lsusoftball",1,"team_or_school_page",""
"LSU","lsu","lsuwbkb",1,"","school_affiliated_non_brand_possible"
"LSU","lsu","myplayersoftball",1,"nil_collective_or_store",""
"LSU","lsu","on3recruits",1,"known_non_brand|recruiting_or_media_page",""
"LSU","lsu","pearl_valley",1,"","likely_personal_account"
"LSU","lsu","perceptioncollective",1,"nil_collective_or_store",""
"LSU","lsu","prepbaseball",1,"team_or_school_page",""
"LSU","lsu","rumur.rouille",1,"","likely_personal_account"
"LSU","lsu","thebrandlsu",1,"","school_affiliated_non_brand_possible"
"LSU","lsu","themodestsportsshow",1,"","recruiting_or_media_page"
"LSU","lsu","thriveh.ts",1,"","likely_personal_account"
"LSU","lsu","trent.caraway",1,"","likely_personal_account"
"LSU","lsu","vine_spirit",1,"","likely_personal_account"
"LSU","lsu","voyager_brands",1,"","likely_personal_account"
"LSU","lsu","wearenilsu",1,"nil_collective_or_store","school_affiliated_non_brand_possible"
"LSU","lsu","yurview_louisiana",1,"","likely_personal_account"
"Michigan State","michigan-state","msufcu",54,"","school_affiliated_non_brand_possible"
"Michigan State","michigan-state","postgame.official",14,"known_non_brand",""
"Michigan State","michigan-state","msuthread",12,"","school_affiliated_non_brand_possible"
"Michigan State","michigan-state","myplayersports",6,"nil_collective_or_store",""
"Michigan State","michigan-state","msu.nil.store",4,"nil_collective_or_store","school_affiliated_non_brand_possible"
"Michigan State","michigan-state","myplayerathlete",4,"nil_collective_or_store",""
"Michigan State","michigan-state","msu_football",2,"team_or_school_page","likely_personal_account"
"Michigan State","michigan-state","allthingsgympod",1,"","recruiting_or_media_page"
"Michigan State","michigan-state","alumnihallmsu",1,"","school_affiliated_non_brand_possible"
"Michigan State","michigan-state","athletesthread",1,"nil_collective_or_store",""
"Michigan State","michigan-state","gat_sport",1,"","likely_personal_account"
"Michigan State","michigan-state","josh.klug4",1,"","likely_personal_account"
"Michigan State","michigan-state","nil.store___",1,"nil_collective_or_store",""
"Michigan State","michigan-state","on3recruits",1,"known_non_brand|recruiting_or_media_page",""
"Michigan State","michigan-state","recruitgfx",1,"recruiting_or_media_page",""
"Michigan State","michigan-state","riot.energy",1,"","likely_personal_account"
"NC State","nc-state","ncsu.threads",4,"nil_collective_or_store","school_affiliated_non_brand_possible|likely_personal_account"
"NC State","nc-state","influxer",3,"nil_collective_or_store",""
"NC State","nc-state","duke_energy",2,"","likely_personal_account"
"NC State","nc-state","athletesthread",1,"nil_collective_or_store",""
"NC State","nc-state","bp_zones",1,"","likely_personal_account"
"NC State","nc-state","gen_carync",1,"","likely_personal_account"
"NC State","nc-state","influxermerch",1,"nil_collective_or_store",""
"NC State","nc-state","myplayersports",1,"nil_collective_or_store",""
"NC State","nc-state","noracafe_nc",1,"","likely_personal_account"
"NC State","nc-state","postgame.official",1,"known_non_brand",""
"Old Dominion","old-dominion","olddominionthreads",23,"nil_collective_or_store","school_affiliated_non_brand_possible"
"Old Dominion","old-dominion","prideofodunil",5,"nil_collective_or_store","school_affiliated_non_brand_possible"
"Old Dominion","old-dominion","odu_nilhub",2,"nil_collective_or_store","school_affiliated_non_brand_possible|likely_personal_account"
"Old Dominion","old-dominion","odufootball",2,"team_or_school_page",""
"Old Dominion","old-dominion","thenilrealestate",2,"nil_collective_or_store",""
"Old Dominion","old-dominion","influxermerch",1,"nil_collective_or_store",""
"Old Dominion","old-dominion","odu_wbb",1,"team_or_school_page","likely_personal_account"
"Old Dominion","old-dominion","theprideofodu",1,"","school_affiliated_non_brand_possible"
"Penn State","penn-state","nittanylionthreads",15,"nil_collective_or_store","school_affiliated_non_brand_possible"
"Penn State","penn-state","myplayerathlete",8,"nil_collective_or_store",""
"Penn State","penn-state","myplayersports",4,"nil_collective_or_store",""
"Penn State","penn-state","beau.bartlett",2,"","likely_personal_account"
"Penn State","penn-state","hedi_gear",2,"","likely_personal_account"
"Penn State","penn-state","nil.store.pennstate",2,"nil_collective_or_store","school_affiliated_non_brand_possible"
"Penn State","penn-state","penn_steaks",2,"","likely_personal_account"
"Penn State","penn-state","pennstatefball",2,"","school_affiliated_non_brand_possible"
"Penn State","penn-state","roarpluspsu",2,"","school_affiliated_non_brand_possible"
"Penn State","penn-state","statemediapsu",2,"","recruiting_or_media_page|school_affiliated_non_brand_possible"
"Penn State","penn-state","wuerffel_trophy",2,"","likely_personal_account"
"Penn State","penn-state","xx_xyathletics",2,"","likely_personal_account"
"Penn State","penn-state","addie.lyon",1,"","likely_personal_account"
"Penn State","penn-state","adidas.turkiye",1,"","likely_personal_account"
"Penn State","penn-state","aof_football",1,"team_or_school_page","likely_personal_account"
"Penn State","penn-state","auraskypool.dubai",1,"","likely_personal_account"
"Penn State","penn-state","bigtennetwork",1,"known_non_brand","recruiting_or_media_page"
"Penn State","penn-state","carozzi_meencanta",1,"","likely_personal_account"
"Penn State","penn-state","carter.schade2",1,"","likely_personal_account"
"Penn State","penn-state","dawson_bundy",1,"","likely_personal_account"
"Penn State","penn-state","delicato.se",1,"","likely_personal_account"
"Penn State","penn-state","esbjerg_fb",1,"","likely_personal_account"
"Penn State","penn-state","evo_gymnastics",1,"","likely_personal_account"
"Penn State","penn-state","fanatic_wrestling",1,"","likely_personal_account"
"Penn State","penn-state","k.artis58",1,"","likely_personal_account"
"Penn State","penn-state","keaton.peters9",1,"","likely_personal_account"
"Penn State","penn-state","levi_haines77",1,"","likely_personal_account"
"Penn State","penn-state","matthew.beachley",1,"","likely_personal_account"
"Penn State","penn-state","morgan_marshall1434",1,"","likely_personal_account"
"Penn State","penn-state","nb.bespoke",1,"","likely_personal_account"
"Penn State","penn-state","octobersky.pec",1,"","likely_personal_account"
"Penn State","penn-state","on3recruits",1,"known_non_brand|recruiting_or_media_page",""
"Penn State","penn-state","pennstatebase",1,"","school_affiliated_non_brand_possible"
"Penn State","penn-state","pennstatemlax",1,"","school_affiliated_non_brand_possible"
"Penn State","penn-state","pennstatemsoc",1,"","school_affiliated_non_brand_possible"
"Penn State","penn-state","pennstatesb",1,"","school_affiliated_non_brand_possible"
"Penn State","penn-state","pennstatetfxc",1,"","school_affiliated_non_brand_possible"
"Penn State","penn-state","pennstatewgolf",1,"team_or_school_page",""
"Penn State","penn-state","pennstatewhky",1,"","school_affiliated_non_brand_possible"
"Penn State","penn-state","pennstatewlax",1,"","school_affiliated_non_brand_possible"
"Penn State","penn-state","pennstatewrest",1,"","school_affiliated_non_brand_possible"
"Penn State","penn-state","thecovernetwork",1,"","recruiting_or_media_page"
"Penn State","penn-state","underdog_brand",1,"","likely_personal_account"
"Penn State","penn-state","usafspecwarrecruiting",1,"recruiting_or_media_page",""
"Penn State","penn-state","whatsup_pod",1,"","recruiting_or_media_page|likely_personal_account"
"Penn State","penn-state","wvubaseball",1,"team_or_school_page",""
"Texas","texas","longhornthreads",28,"nil_collective_or_store","school_affiliated_non_brand_possible"
"Texas","texas","myplayerathlete",11,"nil_collective_or_store",""
"Texas","texas","texasonefan",9,"","school_affiliated_non_brand_possible"
"Texas","texas","texaslonghorns",7,"","school_affiliated_non_brand_possible"
"Texas","texas","texasonefund",6,"","school_affiliated_non_brand_possible"
"Texas","texas","longhornnetwork",5,"","recruiting_or_media_page|school_affiliated_non_brand_possible"
"Texas","texas","lafavre.us",4,"","likely_personal_account"
"Texas","texas","neighborhoodlonghorns",3,"","school_affiliated_non_brand_possible"
"Texas","texas","athletesthread",2,"nil_collective_or_store",""
"Texas","texas","axeescape_atx",2,"","likely_personal_account"
"Texas","texas","czech_beachvolleyball",2,"","likely_personal_account"
"Texas","texas","longhornfoundation",2,"","school_affiliated_non_brand_possible"
"Texas","texas","on3recruits",2,"known_non_brand|recruiting_or_media_page",""
"Texas","texas","ppirecruit",2,"recruiting_or_media_page",""
"Texas","texas","rally_house",2,"","likely_personal_account"
"Texas","texas","texasbeachvb",2,"team_or_school_page",""
"Texas","texas","texasfootball",2,"team_or_school_page",""
"Texas","texas","thenilrealestate",2,"nil_collective_or_store",""
"Texas","texas","yoga_democracy",2,"","likely_personal_account"
"Texas","texas","3rdandlonghorn",1,"","school_affiliated_non_brand_possible"
"Texas","texas","463network",1,"","recruiting_or_media_page"
"Texas","texas","american_tall",1,"","likely_personal_account"
"Texas","texas","antonestexas",1,"","school_affiliated_non_brand_possible"
"Texas","texas","be4evertexas",1,"","school_affiliated_non_brand_possible"
"Texas","texas","bealonghorn",1,"","school_affiliated_non_brand_possible"
"Texas","texas","brucebolt.us",1,"","likely_personal_account"
"Texas","texas","byd.jpauto",1,"","likely_personal_account"
"Texas","texas","deseretnews",1,"","recruiting_or_media_page"
"Texas","texas","eastonbaseball",1,"team_or_school_page",""
"Texas","texas","empowerkidz.dropin",1,"","likely_personal_account"
"Texas","texas","hargroveroofing_austin",1,"","likely_personal_account"
"Texas","texas","kinetickids.austin",1,"","likely_personal_account"
"Texas","texas","magicmemories_brautmoden",1,"","likely_personal_account"
"Texas","texas","manana.surf",1,"","likely_personal_account"
"Texas","texas","myplayersports",1,"nil_collective_or_store",""
"Texas","texas","nilelite.ladies",1,"nil_collective_or_store","likely_personal_account"
"Texas","texas","ogxsoftball",1,"team_or_school_page",""
"Texas","texas","osawese_a",1,"","likely_personal_account"
"Texas","texas","rockstar.deuce",1,"","likely_personal_account"
"Texas","texas","rollthequadnil",1,"nil_collective_or_store",""
"Texas","texas","texasbaseball",1,"team_or_school_page",""
"Texas","texas","texasmgolf",1,"team_or_school_page",""
"Texas","texas","texasmtn",1,"","school_affiliated_non_brand_possible"
"Texas","texas","texassoftball",1,"team_or_school_page",""
"Texas","texas","texasteamshop",1,"","school_affiliated_non_brand_possible"
"Texas","texas","texaswsd",1,"","school_affiliated_non_brand_possible"
"Texas","texas","thegoat_hill",1,"","likely_personal_account"
"Texas","texas","usabaseball",1,"team_or_school_page",""
"Texas","texas","victorymedia.oficial",1,"","recruiting_or_media_page|likely_personal_account"
"Texas","texas","ymca_northsuburban",1,"","likely_personal_account"
"Texas","texas","yonex_tennis",1,"","likely_personal_account"
"UNC","unc","uncthreads",19,"nil_collective_or_store","school_affiliated_non_brand_possible"
"UNC","unc","uncnilstore",10,"nil_collective_or_store","school_affiliated_non_brand_possible"
"UNC","unc","baseball_savings",3,"","likely_personal_account"
"UNC","unc","carolinabaseball",3,"team_or_school_page",""
"UNC","unc","allthingsgympod",2,"","recruiting_or_media_page"
"UNC","unc","goglow_chapelhill",2,"","likely_personal_account"
"UNC","unc","myplayersports",2,"nil_collective_or_store",""
"UNC","unc","nothing.finer",2,"","likely_personal_account"
"UNC","unc","pcrf_kids",2,"","likely_personal_account"
"UNC","unc","uncfootball",2,"team_or_school_page",""
"UNC","unc","athletesthread",1,"nil_collective_or_store",""
"UNC","unc","ava.swain",1,"","likely_personal_account"
"UNC","unc","bmw.dallas",1,"","likely_personal_account"
"UNC","unc","cofcthreads",1,"nil_collective_or_store",""
"UNC","unc","craig.thecreative",1,"","likely_personal_account"
"UNC","unc","postgame.official",1,"known_non_brand",""
"UNC","unc","slumz.us",1,"","likely_personal_account"
"UNC","unc","thetwinstakepodcast",1,"","recruiting_or_media_page"
"UNC","unc","tns_apparel",1,"","likely_personal_account"
"UNC","unc","unc_fbnutrition",1,"","school_affiliated_non_brand_possible|likely_personal_account"
"UNC","unc","uncstudentstores",1,"","school_affiliated_non_brand_possible"
"UNC","unc","uncvolleyball",1,"team_or_school_page",""
"USC","usc","houseofvictorynil",14,"nil_collective_or_store",""
"USC","usc","uscthreads",12,"nil_collective_or_store","school_affiliated_non_brand_possible"
"USC","usc","grupa_pge",9,"","likely_personal_account"
"USC","usc","influxerusc",4,"nil_collective_or_store","school_affiliated_non_brand_possible"
"USC","usc","myplayersports",3,"nil_collective_or_store",""
"USC","usc","travis_trackstar",3,"","likely_personal_account"
"USC","usc","ampm_tmgs",2,"","likely_personal_account"
"USC","usc","athletesthread",2,"nil_collective_or_store",""
"USC","usc","immersive.gamebox",2,"","likely_personal_account"
"USC","usc","uscmensvolley",2,"","school_affiliated_non_brand_possible"
"USC","usc","athena_newportbeach",1,"","likely_personal_account"
"USC","usc","beach.bakyard",1,"","likely_personal_account"
"USC","usc","bernardo.herzer",1,"","likely_personal_account"
"USC","usc","drahouse.studio",1,"","likely_personal_account"
"USC","usc","dresserie_brand",1,"","likely_personal_account"
"USC","usc","emmasleep.au",1,"","likely_personal_account"
"USC","usc","grip.foundation",1,"","likely_personal_account"
"USC","usc","joyce_dtla",1,"","likely_personal_account"
"USC","usc","legendary.aura",1,"","likely_personal_account"
"USC","usc","murine_australia",1,"","likely_personal_account"
"USC","usc","myplayerathlete",1,"nil_collective_or_store",""
"USC","usc","on3recruits",1,"known_non_brand|recruiting_or_media_page",""
"USC","usc","onlyelitethreads",1,"nil_collective_or_store",""
"USC","usc","rna.sports",1,"","likely_personal_account"
"USC","usc","royaltiz_off",1,"","likely_personal_account"
"USC","usc","shein_us",1,"","likely_personal_account"
"USC","usc","tdsynnex_na",1,"","likely_personal_account"
"USC","usc","thatsamore_miami",1,"","likely_personal_account"
"USC","usc","uanextvolleyball",1,"team_or_school_page",""
"USC","usc","ucberkeleythreads",1,"nil_collective_or_store",""
"USC","usc","udigg.apparel",1,"","likely_personal_account"
"USC","usc","united.rentals",1,"","likely_personal_account"
"USC","usc","usc_athletics",1,"team_or_school_page","likely_personal_account"
"USC","usc","usc.nil.store",1,"nil_collective_or_store","school_affiliated_non_brand_possible"
"USC","usc","uscannenberg",1,"","school_affiliated_non_brand_possible"
"USC","usc","uscshoahfoundation",1,"","school_affiliated_non_brand_possible"
"USC","usc","uscwbb",1,"team_or_school_page",""
"USC","usc","velocity_ls",1,"","likely_personal_account"
"Virginia","virginia","influxeruva",12,"nil_collective_or_store","school_affiliated_non_brand_possible"
"Virginia","virginia","uvathreads",11,"nil_collective_or_store","school_affiliated_non_brand_possible"
"Virginia","virginia","cornermediaco",9,"","recruiting_or_media_page"
"Virginia","virginia","influxer",7,"nil_collective_or_store",""
"Virginia","virginia","myplayerathlete",3,"nil_collective_or_store",""
"Virginia","virginia","hemofarm_bih",2,"","likely_personal_account"
"Virginia","virginia","onlyelitethreads",2,"nil_collective_or_store",""
"Virginia","virginia","accnetwork",1,"known_non_brand","recruiting_or_media_page"
"Virginia","virginia","aisle.five",1,"","likely_personal_account"
"Virginia","virginia","brendan.millon",1,"","likely_personal_account"
"Virginia","virginia","influxermerch",1,"nil_collective_or_store",""
"Virginia","virginia","isedmedia",1,"","recruiting_or_media_page"
"Virginia","virginia","nextgen.scholarships",1,"","likely_personal_account"
"Virginia","virginia","nilelite.ladies",1,"nil_collective_or_store","likely_personal_account"
"Virginia","virginia","oneathlete_app",1,"","likely_personal_account"
"Virginia","virginia","prep.lacrosse",1,"","likely_personal_account"
"Virginia","virginia","rbcwealth_us",1,"","likely_personal_account"
"Virginia","virginia","risingspearnil",1,"nil_collective_or_store",""
"Virginia","virginia","ritualhockey_usa",1,"","likely_personal_account"
"Virginia","virginia","sophiegallagher.pt",1,"","likely_personal_account"
"Virginia","virginia","src_girls",1,"","likely_personal_account"
"Virginia","virginia","the_rudis",1,"","likely_personal_account"
"Virginia","virginia","the15club_nil",1,"nil_collective_or_store",""
"Virginia","virginia","tribenilsports",1,"nil_collective_or_store",""
"Virginia","virginia","uncutatuva",1,"","school_affiliated_non_brand_possible"
"Virginia","virginia","usafspecwarrecruiting",1,"recruiting_or_media_page",""
"Virginia","virginia","usfwbb",1,"team_or_school_page",""
"Virginia","virginia","uvawomenshoops",1,"","school_affiliated_non_brand_possible"
"Virginia","virginia","wickbaseball",1,"team_or_school_page",""