handle,total_posts,school_count,flags,schools
"@hollister",63,8,"","Baylor | Louisiana State University | Michigan State | Penn State University | Texas A&M | University of Maryland | University of Texas at San Antonio (UTSA) | University of Virginia"
"@baylorthreads",62,1,"","Baylor"
"@msufcu",54,1,"","Michigan State"
"@CVSPharmacy",47,10,"","Auburn University | Baylor | Louisiana State University | Michigan State | Penn State University | Texas A&M | University of Maryland | University of Nebraska | University of Texas at San Antonio (UTSA) | University of Virginia"
"@auburnthread",37,1,"","Auburn University"
"@aggie.threads",36,1,"","Texas A&M"
"@myplayerathlete",34,8,"","Baylor | Louisiana State University | Michigan State | Penn State University | University of Maryland | University of Nebraska | University of Texas at San Antonio (UTSA) | University of Virginia"
"@nike",34,6,"","Auburn University | Baylor | Louisiana State University | Penn State University | University of Texas at San Antonio (UTSA) | University of Virginia"
"@postgame.official",32,8,"","Auburn University | Baylor | Louisiana State University | Michigan State | Texas A&M | University of Maryland | University of Nebraska | University of Texas at San Antonio (UTSA)"
"@myplayersports",31,8,"","Louisiana State University | Michigan State | Penn State University | Texas A&M | University of Central Florida | University of Maryland | University of Nebraska | University of Texas at San Antonio (UTSA)"
"@nebraskathread",29,1,"","University of Nebraska"
"@C4Energy",27,6,"","Auburn University | Baylor | Michigan State | Penn State University | Texas A&M | University of Nebraska"
"@adidas",26,5,"","Baylor | Old Dominion University | Texas A&M | University of Nebraska | University of Virginia"
"@drinkolipop",25,5,"","Baylor | Texas A&M | University of Central Florida | University of Texas at San Antonio (UTSA) | University of Virginia"
"@ucfthreads",24,1,"","University of Central Florida"
"@olddominionthreads",23,1,"","Old Dominion University"
"@underarmour",23,5,"","Auburn University | Old Dominion University | Penn State University | University of Maryland | University of Nebraska"
"OnToVictory",22,1,"","Auburn University"
"@dillards",20,2,"","Auburn University | Louisiana State University"
"@chicknlegsrunning",19,1,"","Penn State University"
"@utsathreads",19,1,"","University of Texas at San Antonio (UTSA)"
"@vuoriclothing",19,5,"","Auburn University | Baylor | University of Central Florida | University of Maryland | University of Nebraska"
"@influxer",18,4,"","Louisiana State University | University of Central Florida | University of Texas at San Antonio (UTSA) | University of Virginia"
"@charitablegiftamerica",16,1,"","Michigan State"
"@raisingcanes",16,6,"","Baylor | Louisiana State University | Penn State University | University of Central Florida | University of Maryland | University of Virginia"
"@athletesthread",15,5,"","Auburn University | Baylor | Louisiana State University | Michigan State | University of Nebraska"
"@nittanylionthreads",15,1,"","Penn State University"
"@lsuthreads",14,1,"","Louisiana State University"
"@onlyfreshdesigns",14,4,"","Old Dominion University | University of Central Florida | University of Texas at San Antonio (UTSA) | University of Virginia"
"@teamvktry",14,3,"","Baylor | Louisiana State University | University of Nebraska"
"@cavfutures",13,1,"","University of Virginia"
"@nobull",13,1,"","University of Central Florida"
"@brooksrunning",12,4,"","Louisiana State University | Penn State University | Texas A&M | University of Virginia"
"@gxgelite",12,1,"","Baylor"
"@influxeruva",12,1,"","University of Virginia"
"@marylandthreadss",12,1,"","University of Maryland"
"@msuthread",12,1,"","Michigan State"
"@planetfitness",12,1,"","Penn State University"
"@rhoback",12,4,"","Penn State University | Texas A&M | University of Texas at San Antonio (UTSA) | University of Virginia"
"@seatgeek",12,5,"","Auburn University | Louisiana State University | Michigan State | Texas A&M | University of Nebraska"
"@dominionenergy",11,1,"","University of Virginia"
"@getgordon",11,1,"","Louisiana State University"
"@uvathreads",11,1,"","University of Virginia"
"@easportscollege",10,6,"","Auburn University | Louisiana State University | Old Dominion University | Texas A&M | University of Texas at San Antonio (UTSA) | University of Virginia"
"@ipsy",10,1,"","University of Nebraska"
"@murryave",10,3,"","Michigan State | Penn State University | University of Maryland"
"@shop.abide",10,1,"","Auburn University"
"12thmanfoundation",10,1,"likely_agency_or_collective","Texas A&M"
"@cornermediaco",9,1,"likely_media_or_publisher","University of Virginia"
"@dickssportinggoods",9,2,"","Louisiana State University | University of Virginia"
"@hydroflask",9,5,"","Louisiana State University | Penn State University | Texas A&M | University of Nebraska | University of Texas at San Antonio (UTSA)"
"@mommagoldbergs",9,1,"","Auburn University"
"terpswbb",9,1,"likely_team_page","University of Maryland"
"@adidasusfootball",8,1,"","Texas A&M"
"@coach",8,6,"","Auburn University | Baylor | Louisiana State University | Michigan State | University of Maryland | University of Nebraska"
"@drinkagame",8,2,"","Auburn University | Louisiana State University"
"@nfmpics",8,2,"","University of Nebraska | Wichita State University"
"@on3recruits",8,7,"likely_media_or_publisher","Auburn University | Baylor | Louisiana State University | Michigan State | Penn State University | University of Maryland | University of Nebraska"
"@runzarestaurants",8,1,"","University of Nebraska"
"OnToVictory.com",8,1,"","Auburn University"
"@7eleven",7,3,"","Penn State University | Texas A&M | University of Virginia"
"@chickennpicklesat",7,1,"","University of Texas at San Antonio (UTSA)"
"@crocs",7,4,"","Auburn University | Louisiana State University | University of Maryland | University of Virginia"
"@drinkbubblr",7,4,"","Baylor | Penn State University | University of Maryland | University of Nebraska"
"@nilelite.ladies",7,3,"likely_agency_or_collective","Baylor | Louisiana State University | University of Virginia"
"@nocco.usa",7,3,"","Baylor | University of Central Florida | University of Texas at San Antonio (UTSA)"
"@velvetpeanutbutter",7,1,"","Michigan State"
"@allstate",6,4,"","Auburn University | Penn State University | Texas A&M | University of Virginia"
"@ameritaslife",6,1,"","University of Nebraska"
"@baylor.nil.store",6,1,"likely_agency_or_collective","Baylor"
"@blue84licensed",6,3,"","Louisiana State University | Penn State University | University of Nebraska"
"@dove",6,2,"","Louisiana State University | University of Nebraska"
"@drinkwtrmln",6,5,"","Baylor | Texas A&M | University of Central Florida | University of Texas at San Antonio (UTSA) | University of Virginia"
"@flagandanthemco",6,1,"","Auburn University"
"@gametimeapp",6,3,"","Michigan State | Penn State University | University of Nebraska"
"@goodmolecules",6,3,"","Baylor | Michigan State | University of Virginia"
"@hamiltonbusinesstechnologies",6,1,"","University of Nebraska"
"@hoka",6,3,"","Baylor | Penn State University | University of Virginia"
"@incrediwear",6,2,"","University of Central Florida | University of Virginia"
"@leonessachocolatier",6,2,"","Baylor | University of Texas at San Antonio (UTSA)"
"@mission",6,3,"","Louisiana State University | Michigan State | Penn State University"
"@popeyes",6,3,"","Louisiana State University | Old Dominion University | University of Texas at San Antonio (UTSA)"
"@specialteamsu",6,2,"","University of Nebraska | University of Virginia"
"@subway",6,3,"","Baylor | University of Nebraska | University of Virginia"
"@turtleboxaudio",6,3,"","Baylor | Louisiana State University | Michigan State"
"@a1autolincoln",5,1,"","University of Nebraska"
"@academy",5,2,"likely_agency_or_collective","Louisiana State University | Texas A&M"
"@allerica.aesthetics",5,2,"","University of Maryland | University of Nebraska"
"@allo.fiber",5,1,"","University of Nebraska"
"@anwagolf",5,2,"","Louisiana State University | Texas A&M"
"@bennyscarwash",5,2,"","Louisiana State University | University of Virginia"
"@dollarshaveclub",5,2,"","Louisiana State University | Texas A&M"
"@drinkdripdrop",5,3,"","Auburn University | Penn State University | University of Nebraska"
"@fansmeetidols",5,4,"","Auburn University | Michigan State | Penn State University | University of Nebraska"
"@fcmhonduras",5,1,"","Auburn University"
"@flaujae",5,1,"","Louisiana State University"
"@fnbo",5,1,"","University of Nebraska"
"@gatorade",5,4,"","Michigan State | Texas A&M | University of Maryland | University of Nebraska"
"@huskermbb",5,1,"likely_team_page","University of Nebraska"
"@influxerucf",5,1,"","University of Central Florida"
"@janemariestyle",5,1,"","Auburn University"
"@lansingbrewingco",5,1,"","Michigan State"
"@lululemon",5,3,"","Baylor | Texas A&M | University of Virginia"
"@millersalehouse",5,1,"","University of Central Florida"
"@on",5,1,"","Baylor"
"@perfectgameusa",5,4,"","Louisiana State University | Penn State University | Texas A&M | University of Nebraska"
"@phillips66gas",5,2,"","Baylor | University of Central Florida"
"@prideofodunil",5,1,"likely_agency_or_collective","Old Dominion University"
"@raid",5,1,"","Baylor"
"@selectproformance",5,3,"","Michigan State | Penn State University | University of Texas at San Antonio (UTSA)"
"@solegloryathletics",5,1,"","Auburn University"
"@strasburgerorthopaedics",5,1,"","University of Nebraska"
"@udenhoutgroep",5,1,"","University of Virginia"
"@walkons",5,2,"","Auburn University | Louisiana State University"
"@achotellansing",4,1,"","Michigan State"
"@arcticzone",4,1,"","Baylor"
"@bigbrandtire",4,1,"","Baylor"
"@callawaygolf",4,3,"","Auburn University | Louisiana State University | Texas A&M"
"@choptsalad",4,2,"","University of Maryland | University of Virginia"
"@CoachNY",4,3,"","Louisiana State University | Texas A&M | University of Maryland"
"@crumblcookie",4,1,"","Louisiana State University"
"@drinkprime",4,2,"","Baylor | University of Texas at San Antonio (UTSA)"
"@drinkpurekick",4,2,"","Baylor | University of Nebraska"
"@drpepper",4,2,"","Louisiana State University | Texas A&M"
"@fireflyrecovery",4,3,"","Baylor | Texas A&M | University of Central Florida"
"@happyvalleyagventures",4,1,"","Penn State University"
"@iherb",4,3,"","Baylor | Louisiana State University | University of Central Florida"
"@kinatraxinc",4,4,"","Baylor | Michigan State | Penn State University | University of Virginia"
"@lovesupremacy_",4,1,"","Old Dominion University"
"@midwestbank",4,1,"","University of Nebraska"
"@milkmeansmore",4,1,"","Michigan State"
"@mizunoswimusa",4,1,"","University of Virginia"
"@monopolypropertyservices",4,1,"","Texas A&M"
"@msu.nil.store",4,1,"likely_agency_or_collective","Michigan State"
"@nauticalbowlssavage",4,1,"","Penn State University"
"@nevadastatebank",4,1,"","University of Virginia"
"@onwardreserve",4,3,"","Auburn University | Baylor | Louisiana State University"
"@powerade_us",4,3,"","Louisiana State University | University of Central Florida | University of Virginia"
"@questnutrition",4,2,"","Penn State University | University of Nebraska"
"@renoja.oviedo",4,1,"","University of Central Florida"
"@rootsnk",4,1,"","University of Virginia"
"@savagexfenty",4,1,"","Baylor"
"@sixstarpronutrition",4,2,"","Baylor | University of Nebraska"
"@sonicdrivein",4,2,"","Louisiana State University | Texas A&M"
"@southernshirt",4,1,"","Auburn University"
"@tlfapparel",4,2,"","Baylor | University of Central Florida"
"@tyrsport",4,1,"","University of Virginia"
"@wearstand",4,2,"","Old Dominion University | University of Central Florida"
"@wendys",4,3,"","Louisiana State University | Penn State University | University of Texas at San Antonio (UTSA)"
"@xfinity",4,2,"","Penn State University | University of Maryland"
"@adidasbasketball",3,2,"","Baylor | Texas A&M"
"@ajgagolf",3,2,"","Texas A&M | University of Virginia"
"@arenainternational",3,1,"","University of Virginia"
"@arenastore_cl",3,1,"","Penn State University"
"@armanibeauty",3,2,"","Baylor | Penn State University"
"@bigten",3,1,"","Penn State University"
"@brownboy.nation",3,1,"","University of Maryland"
"@callawaynexteu",3,2,"","Baylor | Louisiana State University"
"@casadobrasil",3,1,"","Baylor"
"@casadobrasilwaco",3,1,"","Baylor"
"@cavenders",3,1,"","Baylor"
"@checkersrallys",3,3,"","Texas A&M | University of Central Florida | University of Maryland"
"@columbiapfg",3,1,"","Louisiana State University"
"@crackerbarrel",3,1,"","Auburn University"
"@dandyworldwide",3,2,"","Penn State University | University of Nebraska"
"@daves_pest_control",3,1,"","University of Central Florida"
"@dballusa",3,1,"","Penn State University"
"@dickshouseofsport",3,2,"","Louisiana State University | Old Dominion University"
"@dovemencare",3,1,"","Louisiana State University"
"@drinkpoppi",3,3,"","Michigan State | Penn State University | Texas A&M"
"@drnx",3,1,"","Penn State University"
"@dudewipes",3,1,"","Auburn University"
"@eastonbaseball",3,2,"","University of Maryland | University of Texas at San Antonio (UTSA)"
"@ecdlax",3,2,"","Penn State University | University of Virginia"
"@edikted",3,3,"","Baylor | Penn State University | University of Virginia"
"@fellermanciarimboli",3,1,"","Penn State University"
"@fruitriot",3,2,"","Michigan State | University of Texas at San Antonio (UTSA)"
"@gat_sport",3,2,"","Michigan State | University of Texas at San Antonio (UTSA)"
"@geauxchiro",3,1,"","Louisiana State University"
"@golfrsa",3,1,"","Louisiana State University"
"@goodr",3,2,"","Auburn University | Louisiana State University"
"@harpersstatecollege",3,1,"","Penn State University"
"@herculesfence",3,1,"","University of Maryland"
"@huskerfootball",3,1,"likely_team_page","University of Nebraska"
"@influxermerch",3,3,"","Old Dominion University | University of Texas at San Antonio (UTSA) | University of Virginia"
"@influxerutsa",3,1,"","University of Texas at San Antonio (UTSA)"
"@jumpman23",3,1,"","Louisiana State University"
"@junklessfoods",3,1,"","University of Central Florida"
"@kiausa",3,1,"","University of Central Florida"
"@lightspeedlift",3,1,"","University of Virginia"
"@liquidiv",3,3,"","Auburn University | University of Central Florida | University of Texas at San Antonio (UTSA)"
"@mendozapachecomcds",3,1,"","University of Texas at San Antonio (UTSA)"
"@mint_tinting",3,1,"","Texas A&M"
"@nashcampofficial",3,1,"likely_agency_or_collective","Baylor"
"@neweracap",3,3,"","Baylor | Texas A&M | University of Central Florida"
"@optimum",3,1,"","Texas A&M"
"@outthepadsent",3,1,"","University of Virginia"
"@palottery",3,1,"","Penn State University"
"@pockyusa",3,2,"","Baylor | University of Nebraska"
"@puma",3,1,"","Louisiana State University"
"@representbaseball",3,2,"","Penn State University | University of Nebraska"
"@representthecode",3,3,"","Auburn University | Penn State University | University of Maryland"
"@RockinProtein",3,2,"","Penn State University | University of Central Florida"
"@room2roommovers",3,1,"","Auburn University"
"@roots",3,1,"","University of Virginia"
"@rtithreads",3,1,"","University of Nebraska"
"@siggisdairy",3,1,"","Penn State University"
"@solaroshades",3,2,"","University of Central Florida | University of Nebraska"
"@solthejeweler",3,1,"","Louisiana State University"
"@sweet_grown_alabama",3,1,"","Auburn University"
"@teamavoli",3,1,"","University of Nebraska"
"@tmobile",3,2,"","Penn State University | Texas A&M"
"@tryonvo",3,1,"","Penn State University"
"@undrdogathletix",3,3,"","Baylor | Louisiana State University | University of Texas at San Antonio (UTSA)"
"@venmo",3,1,"","Penn State University"
"@verizonbusiness",3,1,"","University of Virginia"
"@vividseats",3,1,"","University of Nebraska"
"@wareagleplus",3,1,"","Auburn University"
"@wellsfargo",3,1,"","Texas A&M"
"@wereback.co",3,1,"","University of Nebraska"
"@whataburger",3,3,"","Auburn University | Louisiana State University | Texas A&M"
"@yellawood",3,1,"","Auburn University"
"stanleysborden",3,1,"","University of Texas at San Antonio (UTSA)"
"@1stphorm",2,1,"","Penn State University"
"@402creamery",2,1,"","University of Nebraska"
"@abbottglobal",2,1,"","University of Nebraska"
"@actionplumbingandhvac",2,1,"","University of Nebraska"
"@AggieFootball",2,1,"likely_team_page","Texas A&M"
"@aggiemensgolf",2,1,"likely_team_page","Texas A&M"
"@aldis",2,1,"","Old Dominion University"
"@aliciascoffee_aggastonmotel",2,1,"","Auburn University"
"@AllianceOrthopedics",2,1,"","Penn State University"
"@ally",2,2,"","Louisiana State University | Texas A&M"
"@americaneagle",2,1,"","Penn State University"
"@amplifynil",2,1,"likely_agency_or_collective","Texas A&M"
"@apsportsagency",2,2,"likely_agency_or_collective","Louisiana State University | University of Virginia"
"@arenaracing",2,1,"","University of Virginia"
"@atgequestrianllc",2,1,"","Baylor"
"@babygrandegolf",2,2,"","Penn State University | University of Virginia"
"@baylor_plus",2,1,"","Baylor"
"@baylorsoftball",2,1,"likely_team_page","Baylor"
"@baylortrack",2,1,"likely_team_page","Baylor"
"@baylorvball",2,1,"likely_team_page","Baylor"
"@berobrewing",2,1,"","Penn State University"
"@bournssporthorses_usa",2,1,"","Auburn University"
"@braedonford21",2,1,"","Penn State University"
"@buckedupenergy",2,1,"","University of Virginia"
"@burgeru_ucf",2,1,"","University of Central Florida"
"@busportsministry",2,1,"","Baylor"
"@camwoodbats",2,2,"","Auburn University | Michigan State"
"@capitolranch",2,1,"","Texas A&M"
"@Carhartt",2,1,"","Texas A&M"
"@cedarskids",2,1,"","University of Nebraska"
"@chargeonpodcast",2,1,"likely_media_or_publisher","University of Central Florida"
"@chipotle",2,2,"","University of Nebraska | University of Virginia"
"@clcbrands",2,2,"","University of Central Florida | University of Virginia"
"@clutchjersey",2,1,"","University of Central Florida"
"@colormehally",2,1,"","Baylor"
"@delgrossospark",2,1,"","Penn State University"
"@drinkprimegirls",2,1,"","Baylor"
"@elevatemealplan",2,1,"","University of Virginia"
"@elite11",2,1,"","Penn State University"
"@equisite_elementsofstyle",2,1,"","Auburn University"
"@f1lasvegas",2,1,"","Penn State University"
"@fableticsmen",2,1,"","Louisiana State University"
"@fashionnova",2,1,"","Baylor"
"@flatlandcavalry",2,1,"","University of Texas at San Antonio (UTSA)"
"@flexworkmgt",2,2,"","Texas A&M | University of Nebraska"
"@foxnation",2,1,"","Penn State University"
"@frogninja",2,1,"","Penn State University"
"@futurescapequiz",2,2,"","Penn State University | University of Nebraska"
"@gameone_usa",2,1,"","University of Texas at San Antonio (UTSA)"
"@gameplanskincare",2,2,"","Baylor | Louisiana State University"
"@getblokfarms",2,1,"","Penn State University"
"@getgamechanger",2,2,"","Louisiana State University | University of Virginia"
"@goldenleafbuilding",2,1,"","University of Nebraska"
"@gordonmckernan",2,1,"","Louisiana State University"
"@gymshark",2,2,"","Baylor | Penn State University"
"@haala_denim",2,1,"","Auburn University"
"@hardees",2,2,"","Old Dominion University | University of Central Florida"
"@heb",2,2,"","Baylor | University of Texas at San Antonio (UTSA)"
"@hedi_gear",2,1,"","Penn State University"
"@hemofarm_bih",2,1,"","University of Virginia"
"@herbalife24",2,2,"","Baylor | University of Maryland"
"@heydude",2,2,"","Texas A&M | University of Texas at San Antonio (UTSA)"
"@heyrowan",2,1,"","University of Virginia"
"@hockeycanada",2,1,"","Penn State University"
"@homage",2,2,"","Michigan State | Penn State University"
"@homefieldapparel",2,2,"","Auburn University | Michigan State"
"@honeystinger",2,1,"","Penn State University"
"@huddleforhearts",2,1,"","Penn State University"
"@humanityandhope",2,1,"","Auburn University"
"@hyundaibh",2,1,"","University of Virginia"
"@influxerlsu",2,1,"","Louisiana State University"
"@influxerusta",2,1,"","University of Texas at San Antonio (UTSA)"
"@inlinelighting",2,1,"","Auburn University"
"@isedmedia",2,2,"likely_media_or_publisher","Texas A&M | University of Virginia"
"@isophit",2,2,"","Auburn University | University of Texas at San Antonio (UTSA)"
"@jawbats",2,2,"","University of Maryland | University of Texas at San Antonio (UTSA)"
"@jeremiahsiceofbatonrouge",2,1,"","Louisiana State University"
"@jesuswonapparel",2,2,"","Baylor | Louisiana State University"
"@joinpaguard",2,1,"","Penn State University"
"@jolynclothing",2,1,"","University of Virginia"
"@jprimesteakhouse",2,1,"","University of Texas at San Antonio (UTSA)"
"@juiceitup_collegestation",2,1,"","Texas A&M"
"@junkbrands",2,2,"","Louisiana State University | Penn State University"
"@kiwiclo_",2,1,"","Penn State University"
"@koveaudio",2,1,"","University of Virginia"
"@krampzwellness",2,2,"","Baylor | Penn State University"
"@laces.athletes",2,1,"","University of Maryland"
"@launchpoint",2,1,"","Texas A&M"
"@leaftradingcards",2,2,"","Louisiana State University | Penn State University"
"@lsu.nil.store",2,1,"likely_agency_or_collective","Louisiana State University"
"@lsufootball",2,1,"likely_team_page","Louisiana State University"
"@luglife",2,1,"","University of Virginia"
"@lytebalance",2,2,"","Penn State University | Texas A&M"
"@maizlyforall",2,1,"","Auburn University"
"@maurten_official",2,1,"","University of Virginia"
"@maxeffort",2,1,"","University of Virginia"
"@mcdonalds.nebraska",2,1,"","University of Nebraska"
"@mcdonaldsphillyregion",2,2,"","Penn State University | Wichita State University"
"@mizunofastpitchusa",2,1,"","University of Nebraska"
"@nationalguard",2,2,"","Texas A&M | University of Texas at San Antonio (UTSA)"
"@naturewellbeauty",2,1,"","Auburn University"
"@nebraskanilstore",2,1,"likely_agency_or_collective","University of Nebraska"
"@newbalance",2,2,"","Baylor | Penn State University"
"@newbeauty",2,2,"","Penn State University | University of Virginia"
"@nexupbaseball",2,1,"","University of Maryland"
"@nfinity",2,1,"","Baylor"
"@nikeeyb",2,2,"","Baylor | University of Maryland"
"@nil.store.pennstate",2,1,"likely_agency_or_collective","Penn State University"
"@noezybuckets",2,1,"","Penn State University"
"@nutrifysupps",2,1,"","University of Virginia"
"@oakleymeta",2,2,"","Louisiana State University | University of Virginia"
"@oceanviewcrisp",2,1,"","Penn State University"
"@odu_nilhub",2,1,"likely_agency_or_collective","Old Dominion University"
"@odufootball",2,1,"likely_team_page","Old Dominion University"
"@ogee",2,1,"","Penn State University"
"@onlyelitethreads",2,1,"","University of Virginia"
"@ontovictorynil",2,2,"likely_agency_or_collective","Auburn University | University of Central Florida"
"@oofos",2,2,"","Louisiana State University | University of Virginia"
"@ovikhealth",2,1,"","Louisiana State University"
"@ozoneleos",2,1,"","Auburn University"
"@pearsonbaseballacad",2,1,"","Louisiana State University"
"@penn_steaks",2,1,"","Penn State University"
"@pennstatefball",2,1,"likely_team_page","Penn State University"
"@phormenergy",2,1,"","Louisiana State University"
"@popslemonade",2,1,"","Baylor"
"@princesspolly",2,2,"","Auburn University | Baylor"
"@projectrepatusa",2,1,"","Baylor"
"@puma.usa",2,1,"","Louisiana State University"
"@purelyinspirednutrition",2,1,"","University of Texas at San Antonio (UTSA)"
"@pyramidhealthcareinc",2,1,"","Penn State University"
"@r0be4t",2,1,"","Old Dominion University"
"@rawlingssg",2,2,"","Penn State University | University of Maryland"
"@recruitgfx",2,2,"likely_media_or_publisher","Michigan State | University of Central Florida"
"@redbullusa",2,1,"","University of Nebraska"
"@relayactive",2,1,"","University of Virginia"
"@rentacenter",2,1,"","University of Central Florida"
"@retroroyalty.co",2,2,"","Michigan State | University of Texas at San Antonio (UTSA)"
"@roarpluspsu",2,1,"","Penn State University"
"@rooga.sliced3m",2,1,"","Michigan State"
"@se7ensports.live",2,1,"","University of Texas at San Antonio (UTSA)"
"@she.sports.inc",2,1,"","University of Nebraska"
"@simplyprotein",2,1,"","Baylor"
"@smoothieking",2,1,"","Louisiana State University"
"@snaggedbaitshop",2,1,"","University of Central Florida"
"@snickers",2,1,"","Penn State University"
"@solelyfruit",2,1,"","University of Central Florida"
"@sony",2,2,"","Baylor | University of Virginia"
"@sonycine",2,1,"","Auburn University"
"@stoneandspearskincare",2,1,"","University of Nebraska"
"@tacojohns",2,1,"","University of Nebraska"
"@tamubookstore",2,1,"","Texas A&M"
"@terpsfootball",2,1,"likely_team_page","University of Maryland"
"@thegoodfeetstore",2,1,"","University of Virginia"
"@thekcdiamonds",2,2,"","Auburn University | University of Nebraska"
"@thelineupleague",2,1,"","Michigan State"
"@thenilrealestate",2,1,"likely_agency_or_collective","Old Dominion University"
"@theofficialdept",2,1,"","Baylor"
"@therandagolf",2,2,"","Texas A&M | University of Texas at San Antonio (UTSA)"
"@threatlocker",2,1,"","University of Central Florida"
"@titosvodka",2,2,"","Penn State University | University of Central Florida"
"@trihealth",2,1,"","Penn State University"
"@turtlebox",2,2,"","Louisiana State University | Texas A&M"
"@undeniablydairy",2,1,"","Baylor"
"@usafspecwarrecruiting",2,2,"likely_media_or_publisher","Penn State University | University of Virginia"
"@usglove",2,1,"","Michigan State"
"@usnikefootball",2,2,"","Auburn University | Baylor"
"@uwalkknox",2,1,"","Baylor"
"@valvoline",2,1,"","Texas A&M"
"@verbenergy",2,2,"","Baylor | Louisiana State University"
"@victoryplustv",2,2,"likely_media_or_publisher","Texas A&M | University of Nebraska"
"@vypehouston",2,2,"","Baylor | Louisiana State University"
"@webelievenet",2,2,"","Baylor | Michigan State"
"@wilson",2,2,"","Penn State University | Texas A&M"
"@woodhousebryancollegestation",2,1,"","Texas A&M"
"@Wuerffel_Trophy",2,1,"","Penn State University"
"@xx_xyathletics",2,1,"","Penn State University"
"@zipscarwash",2,1,"","University of Nebraska"
"beau.bartlett",2,1,"","Penn State University"
"connoressegian",2,1,"","University of Nebraska"
"hapmichigan",2,1,"","Michigan State"
"marylandterrapins",2,1,"","University of Maryland"
"msu_football",2,1,"likely_team_page","Michigan State"
"realgodsstories",2,1,"","Baylor"
"solsauche",2,1,"","Texas A&M"
"statemediapsu",2,1,"likely_media_or_publisher","Penn State University"
"thedraftacademy",2,1,"likely_agency_or_collective","University of Central Florida"
"_lilcell",1,1,"","Michigan State"
"_the_savannah_scott",1,1,"","University of Central Florida"
"@__prozone__",1,1,"","Penn State University"
"@_bckdoor",1,1,"","Michigan State"
"@_houseoflavish",1,1,"","Michigan State"
"@_jtmoney4",1,1,"","University of Virginia"
"@1029espn",1,1,"likely_media_or_publisher","Michigan State"
"@110__brand",1,1,"","University of Texas at San Antonio (UTSA)"
"@12_performance",1,1,"","Texas A&M"
"@12fact",1,1,"","Louisiana State University"
"@168candles",1,1,"","University of Nebraska"
"@1890Nebraska",1,1,"","University of Nebraska"
"@1jm_apparel",1,1,"","Texas A&M"
"@1stform",1,1,"","University of Nebraska"
"@3rdandco_",1,1,"","Michigan State"
"@406mtsports",1,1,"","Michigan State"
"@6whiskey",1,1,"","Texas A&M"
"@7brewcoffee",1,1,"","University of Texas at San Antonio (UTSA)"
"@90degreebyreflex",1,1,"","Penn State University"
"@A1Automotive",1,1,"","University of Nebraska"
"@aabonnbc",1,1,"","Auburn University"
"@ab",1,1,"","University of Nebraska"
"@abtitan",1,1,"","Penn State University"
"@abxspeedschool",1,1,"","Louisiana State University"
"@abydeverka",1,1,"","Penn State University"
"@acbymarriott",1,1,"","Michigan State"
"@accnetwork",1,1,"likely_media_or_publisher","University of Virginia"
"@achotelcharlotte",1,1,"","Michigan State"
"@actiontreksperu",1,1,"","Michigan State"
"@addie.lyon",1,1,"","Penn State University"
"@adidas.turkiye",1,1,"","Penn State University"
"@adidasgolf",1,1,"","Baylor"
"@adidasrunning",1,1,"","Texas A&M"
"@adidastennis",1,1,"","University of Virginia"
"@AFLAC",1,1,"","Penn State University"
"@afnfclothing._",1,1,"","Penn State University"
"@aftershow.apparel",1,1,"","University of Nebraska"
"@agavashowpads",1,1,"","Auburn University"
"@aggiebaseball",1,1,"likely_team_page","Texas A&M"
"@aggievolleyball",1,1,"likely_team_page","Texas A&M"
"@aggiewomensgolf",1,1,"likely_team_page","Texas A&M"
"@aiavitalitynz",1,1,"","George Mason"
"@airformi",1,1,"","Auburn University"
"@aisle.five",1,1,"","University of Virginia"
"@alabamagolf",1,1,"","Texas A&M"
"@alaninutrition",1,1,"","Auburn University"
"@albertofasciani.us",1,1,"","Auburn University"
"@alexservagno",1,1,"","Penn State University"
"@alixmarie.franklin",1,1,"","Louisiana State University"
"@AlkemePerformance",1,1,"","Louisiana State University"
"@alliance_rv",1,1,"","Auburn University"
"@allie.2021_",1,1,"","University of Nebraska"
"@allthingsgympod",1,1,"","Michigan State"
"@alo",1,1,"","Auburn University"
"@aloft_utsasanantonio",1,1,"","University of Texas at San Antonio (UTSA)"
"@altafiber",1,1,"","Baylor"
"@altardstate",1,1,"","University of Nebraska"
"@altruhealthshare",1,1,"","Penn State University"
"@alumnihallmsu",1,1,"","Michigan State"
"@aly'scloset",1,1,"","Louisiana State University"
"@alzassociation",1,1,"","Penn State University"
"@amazon",1,1,"","Texas A&M"
"@americanheartwa",1,1,"","University of Central Florida"
"@americasnavy",1,1,"","Auburn University"
"@amigos",1,1,"","University of Nebraska"
"@amphivaco",1,1,"","University of Texas at San Antonio (UTSA)"
"@anchorimpact",1,1,"","Penn State University"
"@anew_chiro_tx",1,1,"","Baylor"
"@annapolisdesigncompany",1,1,"","University of Virginia"
"@aof_football",1,1,"","Penn State University"
"@apexgymnasticsok",1,1,"","Baylor"
"@archer_foundation",1,1,"likely_agency_or_collective","Texas A&M"
"@areacodebaseball",1,1,"","University of Nebraska"
"@arenagraffiti",1,1,"","Louisiana State University"
"@arenausa",1,1,"","University of Virginia"
"@arenawaterinstinct",1,1,"","University of Virginia"
"@ariatequestrian",1,1,"","Auburn University"
"@artizanjoyeria",1,1,"","Penn State University"
"@ashandash.co",1,1,"","University of Nebraska"
"@astoria_activewear",1,1,"","University of Nebraska"
"@athleta",1,1,"","Auburn University"
"@athlete_asset_protection",1,1,"","Baylor"
"@athletebrands",1,1,"","Baylor"
"@athleteinnovations",1,1,"","University of Central Florida"
"@athletenarrative",1,1,"","University of Virginia"
"@athletic.minds",1,1,"","University of Texas at San Antonio (UTSA)"
"@athleticcosmeticcompany",1,1,"","University of Virginia"
"@atlasempowersports",1,1,"","Old Dominion University"
"@att",1,1,"","Auburn University"
"@atworthapartments",1,1,"","University of Maryland"
"@auburn.nil.store",1,1,"likely_agency_or_collective","Auburn University"
"@auburnequestrian",1,1,"","Auburn University"
"@auburnfootball",1,1,"likely_team_page","Auburn University"
"@auburnnil",1,1,"likely_agency_or_collective","Auburn University"
"@auburntfxc",1,1,"likely_team_page","Auburn University"
"@audemarspiguet",1,1,"","Louisiana State University"
"@aujungle",1,1,"","Auburn University"
"@auprovolleyball",1,1,"","University of Nebraska"
"@auraskypool.dubai",1,1,"","Penn State University"
"@ausomenutrition",1,1,"","Auburn University"
"@authentikstitchez_",1,1,"","Old Dominion University"
"@azenaindustries",1,1,"","Texas A&M"
"@azteclink_nil",1,1,"likely_agency_or_collective","Baylor"
"@b1gvolleyball",1,1,"","University of Maryland"
"@bacchampionathlete",1,1,"","University of Texas at San Antonio (UTSA)"
"@backyard_barbeque_",1,1,"","Penn State University"
"@badbirdie",1,1,"","Baylor"
"@bagelsngrinds",1,1,"","University of Maryland"
"@balicustomizedtours",1,1,"","Baylor"
"@balldawgs",1,1,"","Louisiana State University"
"@Baller.Bites",1,1,"","Louisiana State University"
"@ballersocial",1,1,"","Baylor"
"@baseballamerica",1,1,"","Auburn University"
"@bassproshops",1,1,"","Baylor"
"@batlab",1,1,"","Louisiana State University"
"@baumhowersauburn",1,1,"","Auburn University"
"@bayloracrotumb",1,1,"","Baylor"
"@baylorbears",1,1,"","Baylor"
"@baylorfutbol",1,1,"","Baylor"
"@baylorwbb",1,1,"likely_team_page","Baylor"
"@bayouwildtv",1,1,"likely_media_or_publisher","Louisiana State University"
"@bcmegabasket",1,1,"","Auburn University"
"@beauprib",1,1,"","Penn State University"
"@beausthetics_",1,1,"","University of Nebraska"
"@beautybrows_oc",1,1,"","Baylor"
"@beckerwraps",1,1,"","Texas A&M"
"@Beis",1,1,"","Louisiana State University"
"@bengalproducts",1,1,"","Louisiana State University"
"@betterment",1,1,"","Auburn University"
"@bigeasyblitz",1,1,"","Louisiana State University"
"@biglime",1,1,"","University of Texas at San Antonio (UTSA)"
"@bigmikesauburn",1,1,"","Auburn University"
"@bigtennetwork",1,1,"likely_media_or_publisher","Penn State University"
"@bilbaobasket",1,1,"","University of Virginia"
"@biolyte",1,1,"","Auburn University"
"@bjornborg",1,1,"","University of Virginia"
"@blackcobrabaseball",1,1,"","Auburn University"
"@blackwoodformen",1,1,"","Michigan State"
"@blairbaseball",1,1,"","University of Nebraska"
"@bleachertalkbaseball",1,1,"","Louisiana State University"
"@blockandtacklefishingco",1,1,"","Old Dominion University"
"@BloodworksNW",1,1,"","University of Central Florida"
"@bluejacketsnhl",1,1,"","Penn State University"
"@blueprint4d1",1,1,"","University of Virginia"
"@bluestripescacao",1,1,"","Baylor"
"@bmart_42",1,1,"","University of Maryland"
"@bodcraft",1,1,"","University of Nebraska"
"@bodybyraventracy",1,1,"","Baylor"
"@boerengoedenbosch",1,1,"","University of Virginia"
"@bootupcustoms",1,1,"","Louisiana State University"
"@borsheims",1,1,"","University of Nebraska"
"@bose",1,1,"","University of Virginia"
"@bottegaveneta",1,1,"","University of Maryland"
"@bouncepass",1,1,"","University of Nebraska"
"@boyardees",1,1,"","University of Nebraska"
"@brafb",1,1,"","University of Virginia"
"@brailhighlights",1,1,"","University of Virginia"
"@brl_sports_athletes",1,1,"","University of Texas at San Antonio (UTSA)"
"@brooklynbedding",1,1,"","Penn State University"
"@brooks",1,1,"","Penn State University"
"@brookshirebrothers",1,1,"","Texas A&M"
"@brotherton_cadillac",1,1,"","University of Maryland"
"@brucebolt.us",1,1,"","University of Central Florida"
"@buc-ees",1,1,"","Old Dominion University"
"@bufootball",1,1,"","Baylor"
"@burgeonstreetwear",1,1,"","Old Dominion University"
"@burloakindoorgolf",1,1,"","Penn State University"
"@buy.vlm",1,1,"","University of Maryland"
"@c4",1,1,"","University of Nebraska"
"@caahockey",1,1,"","Penn State University"
"@cadddden",1,1,"","Baylor"
"@callawaygolfeu",1,1,"","Louisiana State University"
"@campozarklive",1,1,"likely_agency_or_collective","Texas A&M"
"@canes",1,1,"","Penn State University"
"@capitolhoops",1,1,"","Michigan State"
"@caprisun",1,1,"","Penn State University"
"@captainmorgan",1,1,"","Texas A&M"
"@caravel",1,1,"","University of Maryland"
"@carozzi_meencanta",1,1,"","Penn State University"
"@carter.schade2",1,1,"","Penn State University"
"@carwise",1,1,"","Penn State University"
"@Caseys",1,1,"","University of Nebraska"
"@caseysgasstation",1,1,"","University of Nebraska"
"@castro_shutup",1,1,"","Baylor"
"@cava",1,1,"","University of Virginia"
"@cbssports",1,1,"","Baylor"
"@cbssportscfb",1,1,"","University of Nebraska"
"@ccmhockey",1,1,"","Penn State University"
"@celsiusofficial",1,1,"","Auburn University"
"@chc.baseball",1,1,"","University of Maryland"
"@chechelonmethod",1,1,"","University of Nebraska"
"@cheezit",1,1,"","University of Virginia"
"@chefboyardee",1,1,"","University of Texas at San Antonio (UTSA)"
"@chevrolet",1,1,"","Auburn University"
"@chevy",1,1,"","Old Dominion University"
"@chipsymarbo",1,1,"","University of Virginia"
"@chlhockey",1,1,"","Penn State University"
"@chocolatemilk",1,1,"","Texas A&M"
"@christianjdionne1",1,1,"","Penn State University"
"@christianlouboutin",1,1,"","Penn State University"
"@churchillblakedown",1,1,"","University of Texas at San Antonio (UTSA)"
"@ciella_pickett",1,1,"","Louisiana State University"
"@cisco",1,1,"","Baylor"
"@citrusbowl",1,1,"","Texas A&M"
"@cjiofficial",1,1,"","Penn State University"
"@cleansimpleeats",1,1,"","Penn State University"
"@clifbar",1,1,"","Penn State University"
"@cliffkeenathletic",1,1,"","University of Virginia"
"@cnpcampuscrew",1,1,"likely_agency_or_collective","University of Texas at San Antonio (UTSA)"
"@cocacola",1,1,"","Louisiana State University"
"@coltonchmelar",1,1,"","Texas A&M"
"@combatmfg",1,1,"","Auburn University"
"@committedcombine",1,1,"","Penn State University"
"@communitytrustbank",1,1,"","Louisiana State University"
"@containerstore",1,1,"","Baylor"
"@coopercousins",1,1,"","Penn State University"
"@copperfit",1,1,"","University of Virginia"
"@core_reformerpilates",1,1,"","University of Virginia"
"@corinthianinsurance",1,1,"","Baylor"
"@cortsofficial",1,1,"","University of Nebraska"
"@corygfitness",1,1,"","University of Virginia"
"@cottonelle",1,1,"","Auburn University"
"@countrytireautomotive",1,1,"","University of Nebraska"
"@cowfish",1,1,"","University of Virginia"
"@craverrr",1,1,"","Texas A&M"
"@crazyb10",1,1,"","University of Virginia"
"@crea_gums",1,1,"","Baylor"
"@crest",1,1,"","Texas A&M"
"@crestcars",1,1,"","Texas A&M"
"@crownsporthorses",1,1,"","Baylor"
"@cselax",1,1,"","Penn State University"
"@cultura_tattoo",1,1,"","Baylor"
"@cyclonefb",1,1,"","Michigan State"
"@d1baseball",1,1,"","Louisiana State University"
"@daniprunzik",1,1,"","Penn State University"
"@darkhorse.nyc",1,1,"","Louisiana State University"
"@datefix",1,1,"","Texas A&M"
"@daveshotchicken",1,1,"","Louisiana State University"
"@dayspringbank",1,1,"","University of Nebraska"
"@dcarvalholaw",1,1,"","Louisiana State University"
"@dcelectricalalliance",1,1,"","Penn State University"
"@defeatxsports",1,1,"","Old Dominion University"
"@delaneycdjrdubois",1,1,"","Penn State University"
"@delicato.se",1,1,"","Penn State University"
"@derbylanellc",1,1,"","Baylor"
"@derm_sportswear",1,1,"","University of Nebraska"
"@dhairboutique",1,1,"","Texas A&M"
"@diamondsdirect",1,1,"","Baylor"
"@dickandersonconstruction",1,1,"","Michigan State"
"@dicks",1,1,"","Baylor"
"@dillardscampuscollective",1,1,"likely_agency_or_collective","Louisiana State University"
"@dimemagazine",1,1,"","Louisiana State University"
"@dingerzbydelaney",1,1,"","Auburn University"
"@disney",1,1,"","Baylor"
"@disneyparks",1,1,"","Penn State University"
"@dita",1,1,"","University of Virginia"
"@ditausa",1,1,"","University of Virginia"
"@divebombindustries",1,1,"","University of Texas at San Antonio (UTSA)"
"@dmfashionbook",1,1,"","Louisiana State University"
"@dominick.9913",1,1,"","University of Texas at San Antonio (UTSA)"
"@drink_phx",1,1,"","Baylor"
"@drinkbiolyte",1,1,"","Louisiana State University"
"@drinkhalfday",1,1,"","Baylor"
"@drinklevl",1,1,"","Penn State University"
"@drinkunwell",1,1,"","Auburn University"
"@dripathletes",1,1,"","Michigan State"
"@drmtlgy",1,1,"","University of Central Florida"
"@drteals",1,1,"","Baylor"
"@drybarshops_lincolnsouthpointe",1,1,"","University of Nebraska"
"@duckdonuts",1,1,"","Penn State University"
"@ducksofafeather",1,1,"","University of Maryland"
"@dukefootball",1,1,"","Texas A&M"
"@duncanscustomkicks",1,1,"","Louisiana State University"
"@easportsnhl",1,1,"","Penn State University"
"@east_coast_pro",1,1,"","Auburn University"
"@eatmezeh",1,1,"","Penn State University"
"@ecexpress",1,1,"","Texas A&M"
"@ediblecapitolcitybr",1,1,"","Louisiana State University"
"@einsteinenergylab",1,1,"","Baylor"
"@electro",1,1,"","University of Texas at San Antonio (UTSA)"
"@eleve",1,1,"","Baylor"
"@ellechina",1,1,"","Baylor"
"@emgsports",1,1,"","Penn State University"
"@emmisellman",1,1,"","Penn State University"
"@emporioarmani",1,1,"","Baylor"
"@engorganrecovery",1,1,"","Texas A&M"
"@enterprisehoops",1,1,"","Auburn University"
"@epdesigndistrict",1,1,"","Auburn University"
"@epicfastpitcho",1,1,"","Baylor"
"@epsontour",1,1,"","Penn State University"
"@eraorganics",1,1,"","Texas A&M"
"@erikcaddeoperformancehorses",1,1,"","Baylor"
"@esbjerg_fb",1,1,"","Penn State University"
"@eternalwater",1,1,"","Baylor"
"@eunova",1,1,"","University of Virginia"
"@eurobasketwomen",1,1,"","Penn State University"
"@euroopticltd",1,1,"","Penn State University"
"@evo_gymnastics",1,1,"","Penn State University"
"@excel",1,1,"","Auburn University"
"@fabletics",1,1,"","University of Nebraska"
"@fanarchco",1,1,"","Penn State University"
"@fanatic_wrestling",1,1,"","Penn State University"
"@fangexchange",1,1,"","Auburn University"
"@fcalacrosse",1,1,"","Penn State University"
"@fcawpacnw",1,1,"","Penn State University"
"@fedmexgolf",1,1,"","University of Texas at San Antonio (UTSA)"
"@feelgoods.co",1,1,"","Baylor"
"@fentybeauty",1,1,"","Baylor"
"@fifththirdbank",1,1,"","University of Maryland"
"@filthywraps_",1,1,"","Texas A&M"
"@finalwhistlewealth",1,1,"","Auburn University"
"@findlaysridgellc",1,1,"","Auburn University"
"@fitbiomics",1,1,"","Auburn University"
"@fitermansports",1,1,"","Texas A&M"
"@flawlesshouston",1,1,"","Louisiana State University"
"@flipthescript.store",1,1,"","Texas A&M"
"@floridafashionshows",1,1,"","University of Central Florida"
"@flowool_official",1,1,"","Texas A&M"
"@fmolhealth",1,1,"","Louisiana State University"
"@ford",1,1,"","Auburn University"
"@foresightsports",1,1,"","University of Virginia"
"@foresightsports_upnext",1,1,"","University of Texas at San Antonio (UTSA)"
"@foreverlastinc",1,1,"","Texas A&M"
"@forme.science",1,1,"","Texas A&M"
"@formi",1,1,"","Auburn University"
"@fortnite",1,1,"","Louisiana State University"
"@foundationlacrosse",1,1,"likely_agency_or_collective","Penn State University"
"@fourthwall",1,1,"","Michigan State"
"@franklinsports",1,1,"","Louisiana State University"
"@freemanswimming",1,1,"","University of Virginia"
"@fsga1913",1,1,"","Penn State University"
"@fuegotortilla",1,1,"","Texas A&M"
"@furyplatinum",1,1,"","Louisiana State University"
"@g2a_com",1,1,"","Baylor"
"@gamersparadise77",1,1,"","Louisiana State University"
"@garminchile",1,1,"","Penn State University"
"@GarminRunning",1,1,"","University of Virginia"
"@gatoradepoy",1,1,"","Louisiana State University"
"@geeked.studio",1,1,"","Louisiana State University"
"@geertreefarm",1,1,"","University of Virginia"
"@getupespn",1,1,"likely_media_or_publisher","Baylor"
"@gfuelenergy",1,1,"","University of Texas at San Antonio (UTSA)"
"@gianarosecouture",1,1,"","Penn State University"
"@giftedonellc",1,1,"","Michigan State"
"@giftofgabb3",1,1,"","University of Virginia"
"@gillyg7",1,1,"","Penn State University"
"@gkelite",1,1,"","Auburn University"
"@glencoeinv",1,1,"","University of Texas at San Antonio (UTSA)"
"@gmerkle04",1,1,"","Penn State University"
"@goat_coats",1,1,"","Michigan State"
"@goinyardgloves",1,1,"","University of Nebraska"
"@goldstarbarberstudio",1,1,"","Texas A&M"
"@golflounge18",1,1,"","University of Virginia"
"@golftorrequebrada",1,1,"","Baylor"
"@goodfeet",1,1,"","University of Virginia"
"@goodrpartner",1,1,"","Auburn University"
"@gqdough",1,1,"","Baylor"
"@graduatehotels",1,1,"","University of Nebraska"
"@grazingfields",1,1,"","Baylor"
"@greatclips",1,1,"","University of Texas at San Antonio (UTSA)"
"@greenwavefb",1,1,"","Baylor"
"@grubhub",1,1,"","Michigan State"
"@grunsdaily",1,1,"","Baylor"
"@gxgexchange",1,1,"","Baylor"
"@gymstylecom",1,1,"","Baylor"
"@hailvarsity",1,1,"","University of Nebraska"
"@hamiltonisbusiness",1,1,"","University of Nebraska"
"@hammerheadsthrows",1,1,"","University of Virginia"
"@hamptonworkout",1,1,"","University of Maryland"
"@hannah.g.jordan_",1,1,"","Penn State University"
"@happyvalleyunited",1,1,"","Penn State University"
"@haywardmagic",1,1,"","Texas A&M"
"@heartoftexasgoodwill",1,1,"","Baylor"
"@heathstreet_",1,1,"","University of Nebraska"
"@heatonfeetfootwear",1,1,"","Baylor"
"@heikkinenyhtiot",1,1,"","University of Virginia"
"@heismantrophy",1,1,"","University of Nebraska"
"@hellstar",1,1,"","Old Dominion University"
"@hermes",1,1,"","Auburn University"
"@heyymountain",1,1,"","University of Maryland"
"@holy.athletes",1,1,"","Louisiana State University"
"@homedepot",1,1,"","Penn State University"
"@hometownheronil",1,1,"likely_agency_or_collective","University of Maryland"
"@hoopersloop",1,1,"","Michigan State"
"@hoopgroup",1,1,"","Penn State University"
"@hoopmovie",1,1,"","University of Virginia"
"@houstonmethodist",1,1,"","Louisiana State University"
"@houstonskyline",1,1,"","Baylor"
"@huegahouse",1,1,"","Texas A&M"
"@hurrdatbrandgoods",1,1,"","University of Nebraska"
"@huskermgym",1,1,"likely_team_page","University of Nebraska"
"@huskervb",1,1,"likely_team_page","University of Nebraska"
"@huskerwbb",1,1,"likely_team_page","University of Nebraska"
"@hussperformancehorses",1,1,"","Auburn University"
"@i9_sports",1,1,"","University of Maryland"
"@identitysports_official",1,1,"","Louisiana State University"
"@impactsportspt",1,1,"","Penn State University"
"@influxerhailstate",1,1,"","University of Nebraska"
"@init_brand",1,1,"","University of Central Florida"
"@innoutburgers",1,1,"","University of Virginia"
"@InShapeDates",1,1,"","University of Central Florida"
"@insidecheer",1,1,"","Baylor"
"@instanthydration",1,1,"","Louisiana State University"
"@invincible.hq",1,1,"","University of Texas at San Antonio (UTSA)"
"@invisalign",1,1,"","Louisiana State University"
"@ironroosterallday",1,1,"","University of Maryland"
"@iwcoffeeandchaibar",1,1,"","Penn State University"
"@jackeporterr",1,1,"","Penn State University"
"@jacobian00",1,1,"","Louisiana State University"
"@jaeger",1,1,"","Baylor"
"@jahmallll",1,1,"","University of Virginia"
"@jalenworthley",1,1,"","University of Nebraska"
"@jawbats.softball",1,1,"","University of Maryland"
"@jayden.davis_15",1,1,"","Penn State University"
"@jerseymikes",1,1,"","Texas A&M"
"@jerseyupofficial",1,1,"","Michigan State"
"@jferg.49",1,1,"","Louisiana State University"
"@jimmiswimwear",1,1,"","Baylor"
"@jimmybars",1,1,"","Penn State University"
"@jl3elite",1,1,"","Baylor"
"@joeysenstock",1,1,"","University of Nebraska"
"@johnfrieda",1,1,"","Baylor"
"@johnnieobrand",1,1,"","Louisiana State University"
"@johnnysph",1,1,"","Louisiana State University"
"@johnsonandjohnson",1,1,"","Penn State University"
"@jolyn_europe",1,1,"","Louisiana State University"
"@joneschiropracticomaha",1,1,"","University of Nebraska"
"@jordan.ballin",1,1,"","University of Texas at San Antonio (UTSA)"
"@joseolecentral",1,1,"","Texas A&M"
"@josephorlandoclothiers",1,1,"","Penn State University"
"@joshvaughn0",1,1,"","University of Texas at San Antonio (UTSA)"
"@journey.group",1,1,"","Baylor"
"@jrorangebowl",1,1,"","Louisiana State University"
"@jucyshamburgers",1,1,"","Texas A&M"
"@just.ingredients",1,1,"","Texas A&M"
"@k.artis58",1,1,"","Penn State University"
"@kanefootwear",1,1,"","Penn State University"
"@kbobkoreanstreetfood",1,1,"","University of Central Florida"
"@keaton.peters9",1,1,"","Penn State University"
"@keepabreast",1,1,"","University of Virginia"
"@kellerwilliamsrealty",1,1,"","Michigan State"
"@kenny.oz6",1,1,"","University of Texas at San Antonio (UTSA)"
"@kentuckyfriedchicken",1,1,"","Texas A&M"
"@kia",1,1,"","Louisiana State University"
"@kindmediallc",1,1,"likely_media_or_publisher","Auburn University"
"@kirschbaumbrasil_",1,1,"","Louisiana State University"
"@kranichs",1,1,"","Penn State University"
"@kswarnock",1,1,"","University of Nebraska"
"@kt.worldwide_",1,1,"","Baylor"
"@kycauses",1,1,"","University of Virginia"
"@lacolombecoffee",1,1,"","Auburn University"
"@lah.stamps",1,1,"","Louisiana State University"
"@lamborghini",1,1,"","Baylor"
"@lane38_",1,1,"","Louisiana State University"
"@LansingBrewingCompany",1,1,"","Michigan State"
"@leegreenbasketball",1,1,"","Texas A&M"
"@legionprotective",1,1,"","Louisiana State University"
"@leopardreamzbengals",1,1,"","University of Nebraska"
"@levelupfitnessjax",1,1,"","University of Virginia"
"@levi_haines77",1,1,"","Penn State University"
"@LiamCliff2",1,1,"","Penn State University"
"@lids",1,1,"","Texas A&M"
"@liftsportsmanagement",1,1,"likely_agency_or_collective","Louisiana State University"
"@litt_strength",1,1,"","Baylor"
"@livefreshpitt",1,1,"","Penn State University"
"@livegood_company",1,1,"","University of Texas at San Antonio (UTSA)"
"@livestudentquarters",1,1,"","Baylor"
"@livvaudio",1,1,"","Baylor"
"@ljbrown233",1,1,"","University of Texas at San Antonio (UTSA)"
"@lockedin.athletics",1,1,"","University of Nebraska"
"@lostbucksranch",1,1,"","Louisiana State University"
"@lottotennis",1,1,"","Auburn University"
"@louisianaloaded",1,1,"","Louisiana State University"
"@lovb",1,1,"","Louisiana State University"
"@lovbmad",1,1,"","University of Nebraska"
"@loveyourself",1,1,"","Auburn University"
"@lowkeydevoted.us",1,1,"","University of Central Florida"
"@lsubeachvb",1,1,"likely_team_page","Louisiana State University"
"@lsusoccer",1,1,"likely_team_page","Louisiana State University"
"@lsusoftball",1,1,"likely_team_page","Louisiana State University"
"@lsuwbkb",1,1,"","Louisiana State University"
"@lucchese",1,1,"","Texas A&M"
"@luke.miller10",1,1,"","Texas A&M"
"@lukewalstrum",1,1,"","Penn State University"
"@luxuryautomall",1,1,"","University of Nebraska"
"@lvbowl",1,1,"","Texas A&M"
"@lvhnsports",1,1,"","Penn State University"
"@maaxgum",1,1,"","Louisiana State University"
"@maccosmetics",1,1,"","Baylor"
"@madisonaveglasses",1,1,"","Louisiana State University"
"@madseasonllc",1,1,"","Baylor"
"@maeliemonfils",1,1,"","Penn State University"
"@magnoliatuscaloosa",1,1,"","Baylor"
"@maizly",1,1,"","Auburn University"
"@major_nine",1,1,"","Auburn University"
"@malvernprep",1,1,"","Penn State University"
"@MannellyAward",1,1,"","Penn State University"
"@mapgajrgolf",1,1,"","University of Virginia"
"@marathonfuel",1,1,"","Michigan State"
"@marchmadnesswbb",1,1,"","University of Virginia"
"@marketpryce",1,1,"","Texas A&M"
"@marsplanetshockey",1,1,"","Penn State University"
"@maruccisports",1,1,"","Louisiana State University"
"@maryland.nil.store",1,1,"likely_agency_or_collective","University of Maryland"
"@materiallab",1,1,"","Louisiana State University"
"@max_out_mindset",1,1,"","Baylor"
"@mbofatlne",1,1,"","Auburn University"
"@mcdlacrosse",1,1,"","University of Virginia"
"@mcdonalds",1,1,"","Baylor"
"@mclanechildrens",1,1,"","Baylor"
"@mdstennisproshop",1,1,"","Louisiana State University"
"@meangreenfb",1,1,"","Baylor"
"@meco",1,1,"","Penn State University"
"@medalistskin",1,1,"","University of Texas at San Antonio (UTSA)"
"@mellossy_beauty",1,1,"","Baylor"
"@melmarieskincare",1,1,"","Louisiana State University"
"@mensluxuryspa",1,1,"","University of Central Florida"
"@mercedesbenztysonscorner",1,1,"","University of Virginia"
"@metrovbc",1,1,"","University of Virginia"
"@mia.scranton",1,1,"","Texas A&M"
"@micbrice",1,1,"","Penn State University"
"@midwaysoftball",1,1,"","Baylor"
"@mikethejewelerr",1,1,"","Louisiana State University"
"@milesplit",1,1,"","University of Virginia"
"@milesplitsoutheast",1,1,"","University of Virginia"
"@milosburgershop",1,1,"","Auburn University"
"@minkycouture",1,1,"","University of Nebraska"
"@mirrorlessapparel",1,1,"","Louisiana State University"
"@mixpotion.co",1,1,"","University of Texas at San Antonio (UTSA)"
"@mizuholpga",1,1,"","Texas A&M"
"@mizzen",1,1,"","Louisiana State University"
"@mizzoutfxc",1,1,"","Texas A&M"
"@mmschocolate",1,1,"","Baylor"
"@mogl",1,1,"","Louisiana State University"
"@monster",1,1,"","Penn State University"
"@monsterenergy",1,1,"","Texas A&M"
"@mooremyoworxdenver",1,1,"","Baylor"
"@moreau_sport_usa",1,1,"","Michigan State"
"@moreto4foundation",1,1,"likely_agency_or_collective","Louisiana State University"
"@morgan_marshall1434",1,1,"","Penn State University"
"@morlynnfarm",1,1,"","Baylor"
"@movemountainshq",1,1,"","Baylor"
"@movesportandspineapparel",1,1,"","University of Central Florida"
"@musclemilk",1,1,"","Baylor"
"@mvpwhitetails",1,1,"","Baylor"
"@myplayersoftball",1,1,"","Louisiana State University"
"@nai_.officialll",1,1,"","Louisiana State University"
"@narcanofficial",1,1,"","Texas A&M"
"@nathanpayneofficial",1,1,"","Penn State University"
"@nayahoward01",1,1,"","Michigan State"
"@nb.bespoke",1,1,"","Penn State University"
"@nba2k",1,1,"","Baylor"
"@NCAA",1,1,"","Penn State University"
"@nebraskaentrepreneurship",1,1,"","University of Nebraska"
"@nedbank",1,1,"","Louisiana State University"
"@nesbitdigitalsports",1,1,"","Penn State University"
"@nestledownllc",1,1,"","Auburn University"
"@NewEra",1,1,"","University of Central Florida"
"@newrestle",1,1,"","University of Virginia"
"@newvrsn1",1,1,"","University of Texas at San Antonio (UTSA)"
"@nextgen.scholarships",1,1,"","University of Virginia"
"@Nextiva",1,1,"","University of Texas at San Antonio (UTSA)"
"@nexus_health_tools",1,1,"","University of Central Florida"
"@nfinityshoes",1,1,"","Baylor"
"@nhlflames",1,1,"","Penn State University"
"@niche.hair.co",1,1,"","Louisiana State University"
"@nikebasketball",1,1,"","Baylor"
"@nikeeybl",1,1,"","Baylor"
"@nikerunning",1,1,"","Baylor"
"@nikesportswear",1,1,"","University of Virginia"
"@nikestrength",1,1,"","Baylor"
"@nil.store___",1,1,"likely_agency_or_collective","Michigan State"
"@nilelite.sluggers",1,1,"likely_agency_or_collective","Baylor"
"@nissan",1,1,"","Louisiana State University"
"@nissanrogue",1,1,"","Louisiana State University"
"@nolimitationstexas",1,1,"","Baylor"
"@northshore_equestrian",1,1,"","Auburn University"
"@nusendacu",1,1,"","University of New Mexico"
"@nutribullet",1,1,"","University of Virginia"
"@nutriwavejuices",1,1,"","Auburn University"
"@nyxcosmetics",1,1,"","Baylor"
"@octobersky.pec",1,1,"","Penn State University"
"@odu_wbb",1,1,"likely_team_page","Old Dominion University"
"@officialspacemilk",1,1,"","Penn State University"
"@OlaivaVega_",1,1,"","Penn State University"
"@olemissthread",1,1,"","Auburn University"
"@olyclubfieldhockey",1,1,"","University of Virginia"
"@olympiafencingcenter",1,1,"","Penn State University"
"@omahasteaks",1,1,"","University of Nebraska"
"@oneathlete_app",1,1,"","University of Virginia"
"@onebonebrand",1,1,"","Texas A&M"
"@oneman.us",1,1,"","Auburn University"
"@onemarylandnil",1,1,"likely_agency_or_collective","Auburn University"
"@oneontajjacademy",1,1,"likely_agency_or_collective","Penn State University"
"@onitathlete",1,1,"","Texas A&M"
"@oreos",1,1,"","Penn State University"
"@originalchopshop",1,1,"","Penn State University"
"@ornery_beer_public_house",1,1,"","George Mason"
"@orphic_bou",1,1,"","University of Nebraska"
"@osakahockey",1,1,"","Penn State University"
"@OurMomsRestaurant",1,1,"","Louisiana State University"
"@out2win",1,1,"","University of Nebraska"
"@ovationformen",1,1,"","Penn State University"
"@overtime",1,1,"","Baylor"
"@overtimeszn",1,1,"","University of Nebraska"
"@ozoneleos.com",1,1,"","Auburn University"
"@p1440",1,1,"","Louisiana State University"
"@pachub_",1,1,"","Penn State University"
"@packnilmerch",1,1,"likely_agency_or_collective","University of Maryland"
"@paniniamerica",1,1,"","Louisiana State University"
"@papas_culver",1,1,"","Texas A&M"
"@paramountplus",1,1,"","Penn State University"
"@parklandssportsclubnairobi",1,1,"","Auburn University"
"@passionhoops",1,1,"","University of Virginia"
"@peakusagolf",1,1,"","University of Texas at San Antonio (UTSA)"
"@pearcebespoke",1,1,"","Louisiana State University"
"@pearcebespokebatonrouge",1,1,"","Louisiana State University"
"@pearl_valley",1,1,"","Louisiana State University"
"@penguins",1,1,"","Penn State University"
"@pennstatebase",1,1,"","Penn State University"
"@pennstatemlax",1,1,"","Penn State University"
"@pennstatemsoc",1,1,"","Penn State University"
"@pennstatesb",1,1,"","Penn State University"
"@pennstatetfxc",1,1,"likely_team_page","Penn State University"
"@pennstatewgolf",1,1,"likely_team_page","Penn State University"
"@pennstatewhky",1,1,"","Penn State University"
"@pennstatewlax",1,1,"","Penn State University"
"@pennstatewrest",1,1,"likely_team_page","Penn State University"
"@Pepsi",1,1,"","Penn State University"
"@perceptioncollective",1,1,"likely_agency_or_collective","Louisiana State University"
"@perfectbar",1,1,"","Auburn University"
"@performancegum",1,1,"","Michigan State"
"@pevspaintball",1,1,"","University of Virginia"
"@phenomelite",1,1,"","Baylor"
"@phillies",1,1,"","Baylor"
"@phillyrunza",1,1,"","University of Nebraska"
"@phitenusa",1,1,"","University of Virginia"
"@piedmonthealthcare",1,1,"","Michigan State"
"@pinapo",1,1,"","University of Virginia"
"@pinehurstresort",1,1,"","Baylor"
"@pingjrsolheimcupeurope",1,1,"","Louisiana State University"
"@pitchsafe.co",1,1,"","University of Texas at San Antonio (UTSA)"
"@plainsman_podcast",1,1,"likely_media_or_publisher","Auburn University"
"@planetslax",1,1,"","Penn State University"
"@platform1440",1,1,"","Louisiana State University"
"@playabowlseastlansing",1,1,"","Michigan State"
"@pncbank",1,1,"","Auburn University"
"@podiumsport.co.il",1,1,"","Auburn University"
"@ponyflo",1,1,"","Louisiana State University"
"@PopStroke",1,1,"","Texas A&M"
"@poptartsus",1,1,"","Texas A&M"
"@PorkRindsDotCom",1,1,"","Penn State University"
"@portersdiningbar",1,1,"","Texas A&M"
"@portugal_golf",1,1,"","Texas A&M"
"@powerade",1,1,"","University of Virginia"
"@powerplateusa",1,1,"","University of Nebraska"
"@prada",1,1,"","University of Virginia"
"@prana_iv_wellness",1,1,"","Penn State University"
"@prclubusa",1,1,"","Penn State University"
"@preachathleticlab",1,1,"","Louisiana State University"
"@predsnhl",1,1,"","Penn State University"
"@premierathleteagency",1,1,"likely_agency_or_collective","Auburn University"
"@premierwindowtintinglnk",1,1,"","University of Nebraska"
"@prepbaseball",1,1,"","Louisiana State University"
"@prepredzoneaz",1,1,"","Texas A&M"
"@primalharvest",1,1,"","Penn State University"
"@PrimeVideo",1,1,"","Louisiana State University"
"@proactiv",1,1,"","Baylor"
"@probionutrition",1,1,"","University of Virginia"
"@proteini.si_bih",1,1,"","Louisiana State University"
"@psecu",1,1,"","Penn State University"
"@ptxofficial",1,1,"","University of Virginia"
"@pumagolf",1,1,"","University of Virginia"
"@pumahoops",1,1,"","University of Nebraska"
"@pupbuono_4",1,1,"","Penn State University"
"@pyramidhealthcare",1,1,"","Penn State University"
"@quantumdrive",1,1,"","Louisiana State University"
"@quipnation",1,1,"","Penn State University"
"@rabanne",1,1,"","Penn State University"
"@radmor.golf",1,1,"","Texas A&M"
"@raiffeisen_bank_bih",1,1,"","University of Virginia"
"@rally_house",1,1,"","University of Maryland"
"@ramtrucks",1,1,"","Penn State University"
"@rapsodobaseball",1,1,"","Louisiana State University"
"@rashadking._",1,1,"","Louisiana State University"
"@rbcwealth_us",1,1,"","University of Virginia"
"@readygolftx",1,1,"","Baylor"
"@realcoolmitt",1,1,"","University of Virginia"
"@recuperationsport",1,1,"","University of Virginia"
"@reeses",1,1,"","University of Nebraska"
"@RenaissanceSeattle",1,1,"","University of Central Florida"
"@renault",1,1,"","University of Texas at San Antonio (UTSA)"
"@rendevereux",1,1,"","Penn State University"
"@retroreflections",1,1,"","Texas A&M"
"@reviveathletics.us",1,1,"","University of Nebraska"
"@revolutionwraps",1,1,"","University of Nebraska"
"@reynspooner",1,1,"","Michigan State"
"@riot.energy",1,1,"","Michigan State"
"@riseandpuff",1,1,"","Baylor"
"@risingballersusa",1,1,"","University of Virginia"
"@risingspearnil",1,1,"likely_agency_or_collective","University of Virginia"
"@ritualhockey_usa",1,1,"","University of Virginia"
"@rivalsdotcom",1,1,"likely_media_or_publisher","Texas A&M"
"@rjyoungco",1,1,"","Louisiana State University"
"@rockem",1,1,"","University of Virginia"
"@rocketroofing",1,1,"","University of Nebraska"
"@rodeohouston",1,1,"","Texas A&M"
"@romanipsavi",1,1,"","Texas A&M"
"@royalcaribbean",1,1,"","University of Virginia"
"@rubykissescosmetics",1,1,"","Baylor"
"@ruespari",1,1,"","Auburn University"
"@rumur.rouille",1,1,"","Louisiana State University"
"@runza",1,1,"","University of Nebraska"
"@s2_normal",1,1,"","Penn State University"
"@s2faction",1,1,"","Penn State University"
"@saddlersachs",1,1,"","Auburn University"
"@sagevalley",1,1,"","Texas A&M"
"@saintthejeweler",1,1,"","Auburn University"
"@saks",1,1,"","University of Nebraska"
"@sam_simmons05",1,1,"","University of Texas at San Antonio (UTSA)"
"@samsungmobileusa",1,1,"","Louisiana State University"
"@samsungpartner",1,1,"","Auburn University"
"@sandinmybootsfest",1,1,"","Louisiana State University"
"@sanjosesharks",1,1,"","Penn State University"
"@sara_prirodna_voda",1,1,"","University of Virginia"
"@saxbys",1,1,"","University of Virginia"
"@sayythatscarl",1,1,"","Baylor"
"@scarletandgoldshop",1,1,"","Auburn University"
"@schuesslergolfacademy",1,1,"likely_agency_or_collective","Auburn University"
"@scooterscoffee",1,1,"","University of Nebraska"
"@scott_raterman",1,1,"","University of Nebraska"
"@scottre_humphrey",1,1,"","Michigan State"
"@seamollybikini",1,1,"","Baylor"
"@seasideparkbeachpatrol",1,1,"","Penn State University"
"@seekjesusco",1,1,"","Baylor"
"@settercollegevb",1,1,"","Louisiana State University"
"@setvisionagency",1,1,"likely_media_or_publisher;likely_agency_or_collective","Michigan State"
"@sevenanchoroutfitters",1,1,"","Auburn University"
"@shadyrays",1,1,"","Louisiana State University"
"@sharkaddicts",1,1,"","Auburn University"
"@sheaffersauto",1,1,"","Penn State University"
"@shmoneythejeweler",1,1,"","University of Texas at San Antonio (UTSA)"
"@shootaway",1,1,"","Baylor"
"@shopbirdyboutique",1,1,"","Texas A&M"
"@ShopIDC",1,1,"","University of Central Florida"
"@shopsidelinebags",1,1,"","Baylor"
"@shopstf",1,1,"","University of Nebraska"
"@show_me_sportz",1,1,"","Baylor"
"@shulawmax",1,1,"","University of Virginia"
"@sidelines_magazine",1,1,"","Auburn University"
"@SierraOfficial",1,1,"","University of Texas at San Antonio (UTSA)"
"@simp_calvin_22",1,1,"","Baylor"
"@sip.matchabar",1,1,"","University of Texas at San Antonio (UTSA)"
"@sitkagear",1,1,"","Louisiana State University"
"@sixstitchapparel",1,1,"","Auburn University"
"@skeesh.store",1,1,"","Louisiana State University"
"@skinandbeautybykloee",1,1,"","University of Nebraska"
"@skratchlabs",1,1,"","Penn State University"
"@slamlotion",1,1,"","University of Central Florida"
"@slate",1,1,"","University of Virginia"
"@sleepme",1,1,"","Penn State University"
"@sling",1,1,"","Texas A&M"
"@sluups",1,1,"","Penn State University"
"@smoothskincville",1,1,"","University of Virginia"
"@smudgebeautyinc",1,1,"","Baylor"
"@snackfanatics",1,1,"","Michigan State"
"@sohoodie",1,1,"","Penn State University"
"@solarsoccerclub",1,1,"","Baylor"
"@soldiersports.us",1,1,"","University of Nebraska"
"@soleinspires",1,1,"","Auburn University"
"@SONIC",1,1,"","Texas A&M"
"@sonicpartner",1,1,"","Texas A&M"
"@southmoonunder",1,1,"","University of Virginia"
"@southwestair",1,1,"","Penn State University"
"@spaldingboyslax",1,1,"","University of Virginia"
"@spectrum_sp",1,1,"","University of Central Florida"
"@spencesummeruns",1,1,"","University of Maryland"
"@spikeball",1,1,"","Penn State University"
"@spire",1,1,"","Auburn University"
"@sportfiveagency",1,1,"likely_agency_or_collective","Texas A&M"
"@sporthorseintl",1,1,"","Baylor"
"@springcreektroutunlimited",1,1,"","Penn State University"
"@sprtnshop",1,1,"","Texas A&M"
"@src_girls",1,1,"","University of Virginia"
"@ssco",1,1,"","Auburn University"
"@stadiumcustomkicks",1,1,"","Auburn University"
"@stanley_brand",1,1,"","Auburn University"
"@Starbucks",1,1,"","Texas A&M"
"@starsandhoney.co",1,1,"","Penn State University"
"@starsandstrikes",1,1,"","Michigan State"
"@stevemadden",1,1,"","University of Virginia"
"@stlchiropracticandperformance",1,1,"","Texas A&M"
"@strangerthingstv",1,1,"likely_media_or_publisher","University of Nebraska"
"@streamsongresort",1,1,"","Penn State University"
"@streignth",1,1,"","Penn State University"
"@strictlyalohaapparel",1,1,"","Michigan State"
"@stylin101_",1,1,"","Auburn University"
"@subwayFreshFit",1,1,"","Baylor"
"@suenodelmarbnb",1,1,"","University of Maryland"
"@sumoramenbykumori",1,1,"","University of Texas at San Antonio (UTSA)"
"@sunbum",1,1,"","Penn State University"
"@sundayred",1,1,"","Auburn University"
"@supplementsuperstores",1,1,"","Penn State University"
"@surfsynergy",1,1,"","University of Maryland"
"@survivorcbs",1,1,"","Texas A&M"
"@svn77brand",1,1,"","University of Virginia"
"@swarovski",1,1,"","University of Maryland"
"@swipathefox",1,1,"","Louisiana State University"
"@syotoshealth",1,1,"","Texas A&M"
"@takisusa",1,1,"","University of Nebraska"
"@tangoh.n",1,1,"","University of Texas at San Antonio (UTSA)"
"@tapnpayplus",1,1,"","Penn State University"
"@target",1,1,"","University of Maryland"
"@taylormade",1,1,"","Texas A&M"
"@tazwillco",1,1,"","Baylor"
"@tctbuzau",1,1,"","Louisiana State University"
"@teamjordan",1,1,"","Penn State University"
"@teamprepusa",1,1,"","Texas A&M"
"@tejasaesthetics_",1,1,"","Baylor"
"@temeculacarriages",1,1,"","Baylor"
"@ten10sportstraining",1,1,"","Louisiana State University"
"@tennis.brat",1,1,"","Auburn University"
"@tennisbraveoficial",1,1,"","University of Texas at San Antonio (UTSA)"
"@teqnigrip",1,1,"","University of Virginia"
"@terrapinhoops",1,1,"","University of Maryland"
"@tessa_marie_lavender",1,1,"","Texas A&M"
"@texasfarmbureau",1,1,"","Texas A&M"
"@texasgivingmachine",1,1,"","Texas A&M"
"@texasreining",1,1,"","Baylor"
"@texasroadhouse",1,1,"","Texas A&M"
"@tfnbyourbankforlife",1,1,"","Baylor"
"@tghcares",1,1,"","University of Virginia"
"@the___grit",1,1,"","Louisiana State University"
"@the_rudis",1,1,"","University of Virginia"
"@the_runningback_academy",1,1,"likely_agency_or_collective","Penn State University"
"@the15club_nil",1,1,"likely_agency_or_collective","University of Virginia"
"@the55armaj",1,1,"","Texas A&M"
"@thebeardclub",1,1,"","University of Virginia"
"@thebootstore_br",1,1,"","Louisiana State University"
"@thebowerman",1,1,"","Baylor"
"@thebrandlsu",1,1,"","Louisiana State University"
"@thechosen1.co",1,1,"","University of Maryland"
"@thecovernetwork",1,1,"likely_media_or_publisher","Penn State University"
"@thefamilie_",1,1,"","Texas A&M"
"@thehomeofgolf",1,1,"","Baylor"
"@thejngroup",1,1,"","Baylor"
"@themodestsportsshow",1,1,"","Louisiana State University"
"@theprideofodu",1,1,"","Old Dominion University"
"@theringguards",1,1,"","Texas A&M"
"@theskinnyconfidential",1,1,"","Auburn University"
"@thestridereport",1,1,"likely_media_or_publisher","Texas A&M"
"@thevelosports",1,1,"","Michigan State"
"@threadsbysahara",1,1,"","Baylor"
"@thrivbio",1,1,"","Michigan State"
"@thriveh.ts",1,1,"","Louisiana State University"
"@tigerrags",1,1,"","Auburn University"
"@timberhillllc",1,1,"","Baylor"
"@tirerack",1,1,"","University of Virginia"
"@titleist",1,1,"","University of Virginia"
"@tiy_products",1,1,"","University of Central Florida"
"@tjmaxx",1,1,"","University of Virginia"
"@tkeqtheshop",1,1,"","Auburn University"
"@tkoequipco",1,1,"","Texas A&M"
"@toalson",1,1,"","Penn State University"
"@topguntglc",1,1,"","Baylor"
"@topline_imports_llc",1,1,"","Baylor"
"@topps",1,1,"","University of Maryland"
"@torquefitnessusa",1,1,"","Baylor"
"@townshipfh",1,1,"","Penn State University"
"@trackhouseusa",1,1,"","Texas A&M"
"@tracksmithrunning",1,1,"","Baylor"
"@tractortuesday",1,1,"","University of Nebraska"
"@travelerschamp",1,1,"","University of Virginia"
"@trayvo_official",1,1,"","Penn State University"
"@trece.stu",1,1,"","Texas A&M"
"@treehut",1,1,"","Baylor"
"@trent.caraway",1,1,"","Louisiana State University"
"@trevihydration",1,1,"","Penn State University"
"@tribenilsports",1,1,"likely_agency_or_collective","University of Virginia"
"@trufru",1,1,"","Louisiana State University"
"@tryelectro",1,1,"","University of Nebraska"
"@turbotax",1,1,"","University of Nebraska"
"@turngymnastics",1,1,"","Penn State University"
"@twinportstimber",1,1,"","University of Nebraska"
"@twofour",1,1,"","University of Maryland"
"@txrpaintball",1,1,"","Texas A&M"
"@tylenol",1,1,"","Penn State University"
"@tylerkasak",1,1,"","Penn State University"
"@Uber",1,1,"","Louisiana State University"
"@Uber One",1,1,"","Louisiana State University"
"@ugliessnacks",1,1,"","University of Texas at San Antonio (UTSA)"
"@unbridledcouture",1,1,"","Auburn University"
"@underdog_brand",1,1,"","Penn State University"
"@uniballco",1,1,"","University of Central Florida"
"@uninterrupted",1,1,"","University of Virginia"
"@unitedsoccercoaches",1,1,"","Auburn University"
"@unrivaledbasketball",1,1,"","Louisiana State University"
"@uptimeenergy",1,1,"","Baylor"
"@usaswimming",1,1,"","University of Virginia"
"@usfwbb",1,1,"","University of Virginia"
"@ussteelcorp",1,1,"","University of Virginia"
"@usynt",1,1,"","Penn State University"
"@utsaathletics",1,1,"likely_team_page","University of Texas at San Antonio (UTSA)"
"@utsawgolf",1,1,"likely_team_page","University of Texas at San Antonio (UTSA)"
"@uvawomenshoops",1,1,"likely_team_page","University of Virginia"
"@vaidaicoffee",1,1,"","Auburn University"
"@vans",1,1,"","University of Virginia"
"@varsitycatholic",1,1,"","University of Nebraska"
"@veccoandco",1,1,"","University of Central Florida"
"@velocity_football",1,1,"","Auburn University"
"@vermontlakemonsters",1,1,"","University of Virginia"
"@victoriassecret",1,1,"","University of Virginia"
"@vine_spirit",1,1,"","Louisiana State University"
"@visitmagnolia",1,1,"","Baylor"
"@vitaminwelldeutschland",1,1,"","Louisiana State University"
"@vivlifebeach",1,1,"","Louisiana State University"
"@voyager_brands",1,1,"","Louisiana State University"
"@vsuavria",1,1,"","University of Virginia"
"@vukgripz",1,1,"","University of Central Florida"
"@wafflehouse",1,1,"","Auburn University"
"@wahala_cr3w",1,1,"","University of Texas at San Antonio (UTSA)"
"@wally",1,1,"","Auburn University"
"@washingtontrails",1,1,"","University of Central Florida"
"@wccsports",1,1,"","University of Virginia"
"@wdadentalsavingsclub",1,1,"","University of Nebraska"
"@wearenilsu",1,1,"likely_agency_or_collective","Louisiana State University"
"@wesh2",1,1,"","University of Central Florida"
"@whatsup_pod",1,1,"","Penn State University"
"@whenskiesarentblue",1,1,"","University of Maryland"
"@whipplesuperchargers",1,1,"","Baylor"
"@whitecastle",1,1,"","Texas A&M"
"@whitefoxboutique",1,1,"","Baylor"
"@wickbaseball",1,1,"","University of Virginia"
"@williamlaurenco",1,1,"","Baylor"
"@windsorstables_ga",1,1,"","Auburn University"
"@windsorstore",1,1,"","University of Nebraska"
"@wingsnmoreexpress",1,1,"","Texas A&M"
"@wingstop",1,1,"","Auburn University"
"@winklernutrition",1,1,"","Penn State University"
"@winreality",1,1,"","Baylor"
"@wiredaxcess",1,1,"","University of Nebraska"
"@woglosportswear",1,1,"","University of Central Florida"
"@wslam",1,1,"","Louisiana State University"
"@wuvubeauty",1,1,"","Louisiana State University"
"@wvubaseball",1,1,"","Penn State University"
"@wyndhamchamp",1,1,"","Auburn University"
"@wyo_football",1,1,"","University of Nebraska"
"@yahoo.supply",1,1,"","Baylor"
"@yakkertech",1,1,"","Auburn University"
"@yamahamotorusa",1,1,"","Auburn University"
"@yamata",1,1,"","Penn State University"
"@ydredsoxccbl",1,1,"","Louisiana State University"
"@yeti",1,1,"","Baylor"
"@ynab.official",1,1,"","University of Texas at San Antonio (UTSA)"
"@yomuchacho",1,1,"","University of Nebraska"
"@Yota",1,1,"","Penn State University"
"@younglifesav",1,1,"","Auburn University"
"@yurview_louisiana",1,1,"","Louisiana State University"
"@yutori_jewelry",1,1,"","University of Nebraska"
"@zakiyahmonae_",1,1,"","Louisiana State University"
"@zeke_saldana",1,1,"","University of Texas at San Antonio (UTSA)"
"@zeyy_._",1,1,"","University of Virginia"
"@zygogram",1,1,"","Penn State University"
"aldotcomtigers",1,1,"","Auburn University"
"bellahines.3",1,1,"","Louisiana State University"
"brendan.millon",1,1,"","University of Virginia"
"campbellsouperstar12",1,1,"likely_agency_or_collective","Louisiana State University"
"card0inc",1,1,"","Old Dominion University"
"caydenpope14",1,1,"","Auburn University"
"chalupabatmxn",1,1,"","Texas A&M"
"craverenterprises",1,1,"","Texas A&M"
"d1siah.__",1,1,"","University of Maryland"
"dalton.riggs",1,1,"","University of Central Florida"
"dawson_bundy",1,1,"","Penn State University"
"fullrepstrainingcenter",1,1,"","Penn State University"
"graceyyjamess",1,1,"","Louisiana State University"
"gtx_general",1,1,"","Baylor"
"happyvalleyutd",1,1,"","Penn State University"
"haydenschott",1,1,"","Texas A&M"
"his_huddle",1,1,"","Louisiana State University"
"jbxrks",1,1,"","University of Central Florida"
"josh.klug4",1,1,"","Michigan State"
"keemportfolio",1,1,"","Baylor"
"kel4six_",1,1,"","Baylor"
"kyeu_",1,1,"","Auburn University"
"louiejaysienders",1,1,"","Baylor"
"matthew.beachley",1,1,"","Penn State University"
"nick_antoine3",1,1,"","University of Central Florida"
"okutoyiangella",1,1,"","Auburn University"
"paisanosports",1,1,"","University of Texas at San Antonio (UTSA)"
"prep.lacrosse",1,1,"","University of Virginia"
"saylor.poff",1,1,"","University of Maryland"
"sn1perlewis",1,1,"","University of Virginia"
"sophiegallagher.pt",1,1,"","University of Virginia"
"taylor_kittleman",1,1,"","University of Central Florida"
"thekingdomathletes",1,1,"","Baylor"
"toptierlessons_sanantonio",1,1,"","University of Texas at San Antonio (UTSA)"
"toradol",1,1,"","University of Virginia"
"ucf.volleyball",1,1,"likely_team_page","University of Central Florida"
"uncutatuva",1,1,"","University of Virginia"